name,price,rating,review_count,category
Ai Translation Earbuds Real,99.0,4.7,198,wireless earbuds
Ryr 2.4Ghz Wireless Gaming,59.0,5.0,62,wireless earbuds
Amazon Echo Buds With,157.0,4.5,200,wireless earbuds
Wireless Earbuds,19.0,4.9,313,wireless earbuds
Wireless Earbuds,24.0,4.5,171,wireless earbuds
Wireless Earbuds Sport,24.0,4.9,481,wireless earbuds
Wireless Earbuds,7.0,4.8,54,wireless earbuds
Wireless Earbuds,6.0,4.4,9,wireless earbuds
Wireless Earbuds Sport,24.0,4.9,481,wireless earbuds
Wireless Earbuds Bluetooth 5.3,24.0,4.9,403,wireless earbuds
Wireless Earbuds,12.0,4.6,320,wireless earbuds
Bluetooth Earbuds With Earhooks,29.0,5.0,45,wireless earbuds
Golrex Active Noise Cancelling,89.0,5.0,370,wireless earbuds
Wireless Earbuds Sport,24.0,4.9,481,wireless earbuds
Wireless Earbuds,30.0,5.0,493,wireless earbuds
Cmf Buds 2A Wireless,35.0,4.2,57,wireless earbuds
Wireless Earbuds 2024 Bluetooth,19.0,5.0,2,wireless earbuds
Wireless Earbuds,19.0,5.0,19,wireless earbuds
A10 Pro Wireless Earbuds,19.0,5.0,998,wireless earbuds
Wireless Earbuds Bluetooth 5.3,24.0,4.9,403,wireless earbuds
Wireless Earbuds Sport,24.0,4.9,481,wireless earbuds
Wireless Earbuds,12.0,4.6,320,wireless earbuds
Wireless Earbuds Bluetooth 5.3,24.0,4.9,403,wireless earbuds
Wireless Earbuds Sport,24.0,4.9,481,wireless earbuds
Wireless Earbuds,30.0,5.0,493,wireless earbuds
Cmf Buds 2A Wireless,35.0,4.2,57,wireless earbuds
Wireless Earbuds Bluetooth 5.3,25.0,4.9,403,wireless earbuds
A10 Pro Wireless Earbuds,19.0,5.0,998,wireless earbuds
Baseus Bowie Mc1 Open,49.0,4.3,636,wireless earbuds
Tagry Wireless Earbuds Blueetooth,79.0,5.0,258,wireless earbuds
Wireless Earbuds Bluetooth 5.3,24.0,4.9,403,wireless earbuds
Wireless Earbuds,22.0,4.9,313,wireless earbuds
Wireless Earbuds Sport,24.0,4.9,481,wireless earbuds
Cmf Buds 2A Wireless,35.0,4.2,57,wireless earbuds
Wireless Earbuds Bluetooth 5.3,24.0,4.9,403,wireless earbuds
Cmf Buds 2A Wireless,35.0,4.2,57,wireless earbuds
Monster N,49.0,4.3,23,wireless earbuds
Wireless Earbuds Bluetooth 5.4,26.0,4.6,663,wireless earbuds
Tagry Wireless Earbuds Blueetooth,79.0,5.0,258,wireless earbuds
Wireless Earbuds Bluetooth 5.3,24.0,4.9,403,wireless earbuds
Bluetooth Earbuds With Earhooks,29.0,5.0,45,wireless earbuds
Wireless Earbuds Sport,24.0,4.9,481,wireless earbuds
Cmf Buds 2A Wireless,35.0,4.2,57,wireless earbuds
Wireless Earbuds,25.0,5.0,494,wireless earbuds
Golrex Active Noise Cancelling,89.0,5.0,370,wireless earbuds
Wireless Earbuds Bluetooth Headphones,199.0,4.6,554,wireless earbuds
Sony Wf,119.0,4.0,111,wireless earbuds
Cmf Buds 2A Wireless,35.0,4.2,57,wireless earbuds
Tagry Wireless Earbuds Blueetooth,79.0,5.0,258,wireless earbuds
Monster N,49.0,4.3,23,wireless earbuds
Samsung Galaxy A16 5G,174.0,4.2,856,smartphone
Umidigi G9 5G Cell,139.0,4.0,418,smartphone
8849 Tank 2 Pro,469.0,4.1,49,smartphone
8849 Tank 3 Pro,629.0,4.1,101,smartphone
I24 Ultra 5G Unlockedsmartphone,179.0,4.0,11,smartphone
Ulefone Unlocked Cell Phones,89.0,4.0,170,smartphone
At&T Radiant™ Max 5G,94.0,5.0,1,smartphone
Samsung Galaxy A36 5G,349.0,4.2,64,smartphone
Blu C5L Max |,49.0,3.6,431,smartphone
Amsung Galaxy A16 5G,148.0,4.0,104,smartphone
Samsung Galaxy A16 4G,138.0,3.5,779,smartphone
Google Pixel 9,799.0,4.5,614,smartphone
C24 Ultra Unlocked Cell,169.0,3.6,7,smartphone
Tcl 60 Xe Nxtpaper,249.0,4.6,9,smartphone
Boost Mobile Sim Kit,9.0,5.0,8,smartphone
Blackview Shark 9 5G,219.0,4.2,124,smartphone
Boost Mobile Sim Kit,9.0,5.0,8,smartphone
Samsung Galaxy A20 32Gb,99.0,3.8,792,smartphone
Blu C5L Max |,49.0,3.6,431,smartphone
Amsung Galaxy A16 5G,148.0,4.0,104,smartphone
Fossibot F106 Pro Rugged,249.0,4.2,38,smartphone
Huness 16Proma X Smartphone,179.0,4.5,100,smartphone
16Proma X 16+1Tb Smartphone,199.0,4.5,315,smartphone
Huness I25 Ultra Unlocked,219.0,4.4,191,smartphone
14Proma X Unlocked Cell,158.0,4.2,357,smartphone
Samsung Galaxy A16 4G,138.0,3.5,779,smartphone
Nokia G10 | Android,69.0,3.5,89,smartphone
Tcl 60 Xe Nxtpaper,249.0,4.6,9,smartphone
Samsung Galaxy A36 5G,349.0,4.4,52,smartphone
Samsung Galaxy A14 5G,96.0,4.0,367,smartphone
Tracfone [Activation Promotion] Samsung,59.0,4.2,61,smartphone
Fossibot F106 Pro Rugged,249.0,4.2,38,smartphone
Huness 16Proma X Smartphone,179.0,4.5,100,smartphone
Mmy 16Proma X Unlocked,179.0,4.4,181,smartphone
Huness I25 Ultra Unlocked,219.0,4.4,191,smartphone
Blackview Bv4800 Pro Rugged,159.0,4.4,83,smartphone
Samsung Galaxy S24 Ultra,915.0,4.4,236,smartphone
Tcl 60 Xe Nxtpaper,249.0,4.6,9,smartphone
Doogee V Max S,399.0,4.9,15,smartphone
Doogee Blade 20 Android,169.0,4.6,57,smartphone
Xiaomi Redmi 13 (24049Rn28L),155.0,4.0,8,smartphone
Google Pixel 9A With,499.0,3.8,77,smartphone
Samsung Galaxy A55 5G,374.0,4.3,342,smartphone
Topesel 2 Pack 128Gb,22.0,4.7,52,smartphone
Boost Mobile Sim Kit,9.0,5.0,8,smartphone
Bold K50 | 5G|,179.0,4.0,189,smartphone
Tcl A30 Unlocked Smartphone,47.0,3.6,150,smartphone
Unlocked A23 6,99.0,5.0,2,smartphone
Fossibot F106 Pro Rugged,249.0,4.2,38,smartphone
Doogee S200 Rugged Smartphone,349.0,4.2,392,smartphone
Huness 16Proma X Smartphone,179.0,4.5,100,smartphone
Umidigi G9C Android 14,119.0,4.0,161,smartphone
Oneplus Nord N200 |,88.0,4.1,524,smartphone
Motorola Edge | 2024,349.0,4.2,329,smartphone
Moto G Pure |,62.0,3.9,676,smartphone
Vibe | Verizon,119.0,3.9,85,smartphone
Tcl 60 Xe Nxtpaper,249.0,4.6,9,smartphone
Doogee Note 58 Unlocked,115.0,4.5,274,smartphone
Motorola Razr | 2023,299.0,3.9,865,smartphone
Kids Smart Phone Girls,19.0,4.3,305,smartphone
Cheap Mobile Phone,48.0,4.6,11,smartphone
Bolt 10 | Dual,89.0,3.2,20,smartphone
Boost Mobile Sim Kit,9.0,5.0,8,smartphone
Tcl A30 Unlocked Smartphone,47.0,3.6,150,smartphone
Oneplus 13R,599.0,3.8,14,smartphone
Fossibot F106 Pro Rugged,249.0,4.2,38,smartphone
Huness 16Proma X Smartphone,179.0,4.5,100,smartphone
Blackview Bv7300 Rugged Phone,269.0,4.1,160,smartphone
Motorola Razr+ | 2023,499.0,4.0,766,smartphone
Bolt 10 | Dual,89.0,3.2,20,smartphone
Motorola Edge+ | 2023,399.0,4.4,861,smartphone
Oneplus Nord N30 5G,246.0,5.0,4,smartphone
Tcl 60 Xe Nxtpaper,249.0,4.6,9,smartphone
Doogee S Cyber Pro,279.0,4.6,89,smartphone
Samsung Galaxy Z Fold,2019.0,4.3,421,smartphone
Cheap Mobile Phone,48.0,4.6,11,smartphone
Doogee Blade10 Pro(2025) Android,159.0,4.6,57,smartphone
Unlocked Cell Phones C25,145.0,5.0,1,smartphone
Vibe | Verizon,119.0,3.9,85,smartphone
Moto G Pure |,62.0,3.9,676,smartphone
Oukitel Wp100 Titan Rugged,999.0,5.0,40,smartphone
Microsoft Surface Laptop (2025),899.0,4.0,5,laptop
Sgin Laptop 15.6 Inch,189.0,4.6,68,laptop
Microsoft Surface Laptop (2024),799.0,4.3,556,laptop
Microsoft Surface Laptop (2024),799.0,4.3,556,laptop
"Hp 15.6"" Fhd Business",619.0,4.4,199,laptop
Lenovo Ideapad 15.6” Fhd,599.0,4.1,105,laptop
"Hp 15.6"" Touchscreen Business",589.0,4.4,72,laptop
"Hp 17.3"" Fhd Business",759.0,4.3,55,laptop
"15.6"" Laptop Computer",279.0,4.7,53,laptop
Hp 2025 New Student,379.0,4.4,868,laptop
"Lenovo Ideapad 15.6"" Laptop",549.0,3.6,7,laptop
Apple 2025 Macbook Air,899.0,4.8,865,laptop
Nimo 15.6 Ips,299.0,4.4,232,laptop
Lenovo Ideapad 15.6” Fhd,599.0,4.1,105,laptop
Sgin 17.3 Inch Laptop,249.0,5.0,12,laptop
Lenovo Laptop Computer For,399.0,4.2,452,laptop
15.6 Inch Laptop With,209.0,4.3,187,laptop
Lenovo Ideapad 1I Laptop,349.0,4.2,146,laptop
"Vgke 15.6"" Laptop Computer",199.0,4.4,46,laptop
Naclud 15.6 Inch Laptop,189.0,4.5,43,laptop
Lenovo V15 Laptop,499.0,4.3,739,laptop
Microsoft Surface Laptop (2024),799.0,4.3,556,laptop
Lenovo Ideapad 15.6” Fhd,599.0,4.1,105,laptop
"Hp 15.6"" Fhd Business",619.0,4.4,199,laptop
"Hp 17.3"" Fhd Business",679.0,4.3,55,laptop
"Hp 15.6"" Touchscreen Business",589.0,4.4,72,laptop
Microsoft Surface Laptop (2024),799.0,4.3,556,laptop
Microsoft Surface Laptop (2024),799.0,4.3,556,laptop
"Hp 15.6"" Fhd Business",619.0,4.4,199,laptop
"Hp 15.6"" Touchscreen Business",589.0,4.4,72,laptop
Apple 2024 Macbook Pro,3599.0,4.8,310,laptop
Jumper 16 Inch Laptop,399.0,5.0,29,laptop
"Asus Lightweight 15.5"" Full",174.0,4.1,383,laptop
"Hp 17.3"" Business Laptop",379.0,4.1,57,laptop
"15.6"" Laptop With Windows",379.0,5.0,3,laptop
"Hp 15.6"" Touchscreen Business",589.0,4.4,72,laptop
Azeyou 11.6” Laptop Hd,136.0,3.6,129,laptop
Apple 2024 Macbook Pro,2149.0,4.8,913,laptop
"Hp 15.6"" Fhd Business",619.0,4.4,199,laptop
Gaming Laptop,269.0,4.3,23,laptop
Lenovo Ideapad 15.6” Fhd,599.0,4.1,105,laptop
"Lenovo Ideapad 15.6"" Laptop",469.0,3.6,7,laptop
Dell Inspiron Touchscreen Laptop,505.0,4.2,541,laptop
Hp 17.3 Inch Laptop,599.0,4.6,11,laptop
Microsoft Surface Laptop (2024),799.0,4.3,556,laptop
"Hp 15.6"" Fhd Business",619.0,4.4,199,laptop
"Hp 15.6"" Touchscreen Business",589.0,4.4,72,laptop
Lenovo Ideapad 15.6” Fhd,599.0,4.1,105,laptop
Hp Pavilion X360 14,499.0,4.4,122,laptop
Dell Inspiron 15 3000,498.0,4.3,443,laptop
Hp 255 G10 Laptop,399.0,4.3,677,laptop
Lenovo V15 Gen 4,549.0,4.3,634,laptop
Lenovo V15 Business Laptop,419.0,5.0,4,laptop
"15.6"" Laptop With Windows",379.0,5.0,3,laptop
"15.6"" Laptop With Windows",379.0,5.0,3,laptop
"Hp 17.3"" Business Laptop",619.0,4.1,57,laptop
Lenovo V,839.0,5.0,5,laptop
Dell Latitude 3550 Business,1299.0,4.9,12,laptop
Jumper Laptop 16 Inch,399.0,5.0,30,laptop
"Hp 15.6"" Touchscreen Business",589.0,4.4,72,laptop
"Hp 15.6"" Fhd Business",619.0,4.4,199,laptop
Hp 17 Laptop,549.0,4.0,218,laptop
2025 Latest 15.6'' Laptop,329.0,5.0,3,laptop
Apple 2024 Macbook Pro,2149.0,4.8,913,laptop
Lenovo Ideapad 1 Student,323.0,4.2,700,laptop
Asus Vivobook S 14,1249.0,4.2,223,laptop
2024 Laptop Computer Win,149.0,4.1,26,laptop
Acer Aspire Go 15,299.0,4.3,28,laptop
Lenovo Ideapad 1I Laptop,349.0,4.2,146,laptop
"15.6"" Laptop With Windows",379.0,5.0,3,laptop
15.6 Inch Laptop Computer,269.0,4.3,23,laptop
Lenovo Thinkbook 16 G6,679.0,4.3,79,laptop
"Hp 17.3"" Business Laptop",379.0,4.1,57,laptop
"15.6"" Laptop With Windows",379.0,5.0,3,laptop
Hp Essential Business Laptop,625.0,3.8,17,laptop
Lenovo Ideapad 3I Chromebook,189.0,4.3,810,laptop
Hp Envy Business Ai,1319.0,4.1,99,laptop
Lenovo Thinkbook 15 Gen,759.0,4.2,31,laptop
Asus Tuf Gaming A15,696.0,4.3,380,laptop
Acer Aspire 5 15,599.0,4.0,26,laptop
Hp High,749.0,4.4,111,laptop
Gaming Laptop,207.0,4.3,23,laptop
"Lenovo Ideapad 15.6"" Laptop",469.0,3.6,7,laptop
Microsoft Surface Laptop (2024),799.0,4.3,556,laptop
Jumper 2 In 1,399.0,4.5,102,laptop
Acer Nitro V Gaming,1319.0,4.1,706,laptop
Hp 14 Laptop,229.0,4.2,320,laptop
Microsoft Surface Laptop (2024),799.0,4.3,556,laptop
Asus Tuf Gaming A15,696.0,4.3,380,laptop
"Hp 15.6"" Fhd Business",619.0,4.4,199,laptop
Hp Business Laptop With,539.0,4.5,344,laptop
"Hp 15.6"" Touchscreen Laptop",689.0,4.4,72,laptop
2024 Laptop Computer Win,149.0,4.1,26,laptop
Hp 255 G10 Laptop,399.0,4.3,677,laptop
"Hp Victus 15.6"" 144Hz",620.0,4.4,19,laptop
Lenovo Thinkbook 15 Gen,759.0,4.2,31,laptop
"Hp 17.3"" Business Laptop",739.0,4.1,57,laptop
"Hp 17.3"" Business Laptop",739.0,4.1,57,laptop
"15.6"" Laptop With Windows",379.0,5.0,3,laptop
Lenovo V,839.0,5.0,5,laptop
"Hp 17.3"" Laptop Computer",670.0,4.1,9,laptop
Hp 15 Laptop(Include 1,341.0,4.8,10,laptop
Asus Tuf Gaming A15,696.0,4.3,380,laptop
"Nimo 15.6"" Ips Fhd",494.0,4.5,167,laptop
Hp Business Student Laptop,359.0,4.2,119,laptop
"Hp 15.6"" Led Touchscreen",629.0,3.8,5,laptop
Dell Precision 5560 Workstation,999.0,5.0,10,laptop
Lenovo Thinkbook 15 Gen,759.0,4.2,75,laptop
Lenovo Laptop V15 For,599.0,4.1,48,laptop
Lenovo Ideapad 15.6” Fhd,599.0,4.1,105,laptop
Lenovo Ideapad 1I Laptop,349.0,4.2,146,laptop
Hp 255 G10 Laptop,399.0,4.3,677,laptop
Google Pixel Watch 3,449.0,4.4,897,smart watch
Smart Watch(Answer/Make Call),24.0,4.7,260,smart watch
Smart Watch For Boys,19.0,5.0,14,smart watch
Morepro Smart Watch For,49.0,4.6,176,smart watch
Morepro Smart Watch For,49.0,4.6,176,smart watch
Google Pixel Watch 3,399.0,4.4,897,smart watch
Smart Watch For Women,39.0,4.4,265,smart watch
Smart Watch For Men,179.0,4.8,586,smart watch
Smart Watch For Women,49.0,4.5,189,smart watch
Smart Watch For Men,29.0,5.0,203,smart watch
Smart Watches For Women,49.0,4.8,114,smart watch
Smart Watch For Men,24.0,4.8,188,smart watch
Smart Watch For Men,29.0,4.7,45,smart watch
Smart Watch For Women,23.0,4.9,642,smart watch
Smart Watch For Men,24.0,4.1,326,smart watch
Morepro Smart Watch For,49.0,4.6,176,smart watch
Blackview 2025 Smart Watch,29.0,4.6,517,smart watch
Oukitel Smart Watch For,129.0,4.8,48,smart watch
Military Smart Watch For,59.0,4.9,107,smart watch
Smart Watch(Answer/Make Call),24.0,4.7,260,smart watch
Smart Watches For Women,29.0,4.2,284,smart watch
Parsonver Amoled Smart Watch,49.0,4.7,26,smart watch
Smart Watch(Answer/Make Call),24.0,4.7,260,smart watch
Morepro Smart Watch For,49.0,4.6,176,smart watch
Smart Watch For Men,179.0,4.8,586,smart watch
Smart Watch(Answer/Make Call)2025 Smart,99.0,5.0,24,smart watch
Smart Watches For Women,49.0,4.8,114,smart watch
Smart Watch(Answer/Make Call),24.0,4.7,260,smart watch
Google Pixel Watch 3,449.0,4.4,897,smart watch
Smart Watch For Women,39.0,4.4,265,smart watch
Morepro Smart Watch For,49.0,4.6,176,smart watch
Smart Watch For Men,24.0,4.1,326,smart watch
Smart Watch(Answer/Make Call),24.0,4.7,260,smart watch
Blackview 2025 Smart Watch,29.0,4.6,517,smart watch
Military Smart Watch For,59.0,4.9,107,smart watch
Smart Watches For Women,49.0,4.8,114,smart watch
Smart Watch For Women,24.0,4.9,642,smart watch
Smart Watch,25.0,4.2,515,smart watch
Smart Watch For Men,24.0,4.6,224,smart watch
Oukitel Smart Watch For,129.0,4.8,48,smart watch
Garmin Fēnix® 8 –,1099.0,4.5,115,smart watch
Smart Watch For Men,24.0,4.8,445,smart watch
Smart Watch For Men,39.0,5.0,90,smart watch
Smart Watch For Women,39.0,4.4,265,smart watch
Amaztim Gps Smart Watch,159.0,4.1,534,smart watch
Smart Watch(Answer/Make Call),24.0,4.7,260,smart watch
Smart Watches For Women,49.0,4.8,114,smart watch
Smart Watches For Women,49.0,4.8,114,smart watch
Google Pixel Watch 3,349.0,4.4,897,smart watch
Morepro Smart Watch For,49.0,4.6,176,smart watch
Garmin Forerunner 165,209.0,4.7,916,smart watch
Garmin Fēnix® 8 –,1199.0,4.8,61,smart watch
Smart Watch For Women,39.0,4.4,265,smart watch
Smart Watch For Women,49.0,4.5,189,smart watch
Smart Watch For Men,24.0,4.9,320,smart watch
Morepro Smart Watch For,49.0,4.6,176,smart watch
Apple Watch Series 9,249.0,4.3,482,smart watch
Smart Watch With Alexa,199.0,4.9,118,smart watch
Smart Watch For Women,39.0,4.4,265,smart watch
Parsonver Amoled Smart Watch,49.0,4.7,26,smart watch
Whoop Peak – 12,239.0,4.1,108,smart watch
Smart Watches For Women,49.0,4.8,114,smart watch
Apple Watch Ultra 2,741.0,4.6,195,smart watch
Whoop Peak – 12,239.0,4.1,108,smart watch
Smart Watches For Women,49.0,4.8,114,smart watch
Google Pixel Watch 3,349.0,4.4,897,smart watch
Smartwatch For Men Women(Answer/Make,29.0,4.8,187,smart watch
Garmin Tactix® 8 51Mm,1599.0,4.3,20,smart watch
Smart Watch(Answer/Make Call)2025 Smart,99.0,5.0,24,smart watch
Garmin Forerunner 265S Running,425.0,4.6,127,smart watch
Smart Watches For Men,35.0,5.0,12,smart watch
2025 Da Gpt Smart,159.0,4.6,114,smart watch
Google Pixel Watch 3,389.0,4.4,897,smart watch
Garmin Instinct® 3 45Mm,399.0,4.2,77,smart watch
Amazfit Active 2 Smart,99.0,4.5,467,smart watch
Samsung Galaxy Watch 7,201.0,4.1,189,smart watch
Morepro Smart Watch For,49.0,4.6,176,smart watch
Smart Watch For Men,39.0,5.0,90,smart watch
Smart Watches For Women,49.0,4.8,114,smart watch
Smart Watches For Men,35.0,5.0,12,smart watch
Samsung Galaxy Watch 6,124.0,4.3,847,smart watch
Smart Watch,29.0,4.2,558,smart watch
Smart Watch,24.0,4.6,286,smart watch
Smartwatch For Men Women(Answer/Make,29.0,4.8,187,smart watch
Smartwatch For Men Women(Answer/Make,29.0,4.8,187,smart watch
Smart Watch For Women,39.0,4.4,265,smart watch
Smart Watch For Women,49.0,4.5,189,smart watch
Military Smart Watches For,76.0,4.2,240,smart watch
Garmin Lily 2,249.0,4.2,549,smart watch
Smart Watch For Men,24.0,4.8,445,smart watch
Smart Watch,25.0,4.2,515,smart watch
Morepro Smart Watch For,49.0,4.6,176,smart watch
Oukitel Smart Watch For,129.0,4.8,48,smart watch
Morepro Smart Watch For,49.0,4.6,176,smart watch
Samsung Galaxy Watch 7,164.0,4.4,458,smart watch
Samsung Galaxy Watch 7,201.0,4.1,189,smart watch
Google Pixel Watch 3,389.0,4.4,897,smart watch
Tozo Amoled S7 Smart,31.0,4.4,695,smart watch
Smart Watch For Men,39.0,5.0,90,smart watch
Oukitel 2025 Smart Watch(Answer/Make,26.0,4.7,174,smart watch
Raymate Bluetooth Speakers,49.0,4.7,289,bluetooth speaker
Speakers Bluetooth Wireless: 80W(Peak),69.0,4.7,957,bluetooth speaker
Portable Bluetooth Speaker: 240W,189.0,4.5,173,bluetooth speaker
Doss Extreme Boom Pro,169.0,4.5,49,bluetooth speaker
Notabrick Bluetooth Speakers With,39.0,4.8,299,bluetooth speaker
Portable Bluetooth Speaker,32.0,4.7,209,bluetooth speaker
Euqq Earbuds Wireless Bluetooth,23.0,4.4,552,bluetooth speaker
Euqq Earbuds Wireless Bluetooth,23.0,4.4,552,bluetooth speaker
Ai Language Translation Earbuds,39.0,5.0,156,bluetooth speaker
Hw12 Wireless Gaming Headset,35.0,4.3,165,bluetooth speaker
Bose S1 Pro+ All,649.0,4.6,944,bluetooth speaker
Speakers Bluetooth Wireless: 80W(Peak),69.0,4.7,957,bluetooth speaker
Speakers Bluetooth Wireless: 80W(Peak),69.0,4.7,957,bluetooth speaker
Philips X5206 Bluetooth Party,189.0,4.2,547,bluetooth speaker
Ohayo 40W Wireless Portable,39.0,4.6,110,bluetooth speaker
Philips X5206 Bluetooth Party,189.0,4.2,547,bluetooth speaker
Turtlebox Original Gen 3:,450.0,4.7,898,bluetooth speaker
Jbl Xtreme 4,379.0,4.6,873,bluetooth speaker
Jbl Charge 6,199.0,4.4,87,bluetooth speaker
Sonos Roam 2,177.0,4.3,784,bluetooth speaker
Bose Music Amplifier –,699.0,4.3,172,bluetooth speaker
Wet Sounds Portable Bluetooth,799.0,4.2,9,bluetooth speaker
Fulminare Bluetooth Speaker With,26.0,4.3,348,bluetooth speaker
Philips X5206 Bluetooth Party,189.0,4.2,547,bluetooth speaker
Jbl Xtreme 4,379.0,4.6,873,bluetooth speaker
Doss Extreme Boom Pro,169.0,4.5,49,bluetooth speaker
Ohayo 40W Wireless Portable,33.0,4.2,17,bluetooth speaker
Philips X5206 Bluetooth Party,189.0,4.2,547,bluetooth speaker
Doss Extreme Boom Pro,169.0,4.5,49,bluetooth speaker
Ohayo 40W Wireless Portable,39.0,4.6,110,bluetooth speaker
Jbl Charge 6,199.0,4.4,87,bluetooth speaker
The Klipsch Nashville Portable,117.0,4.6,425,bluetooth speaker
Bluetooth Speakers,79.0,4.0,203,bluetooth speaker
Doss Extreme Boom Pro,169.0,4.5,49,bluetooth speaker
Klipsch The One Plus,137.0,4.2,237,bluetooth speaker
Upgraded Outdoor Speakers Gift,84.0,4.4,669,bluetooth speaker
Bose Music Amplifier –,699.0,4.3,172,bluetooth speaker
Wet Sounds Portable Bluetooth,799.0,4.2,9,bluetooth speaker
Fulminare Bluetooth Speaker With,26.0,4.3,348,bluetooth speaker
Philips X5206 Bluetooth Party,189.0,4.2,547,bluetooth speaker
Sonos Roam 2,177.0,4.3,784,bluetooth speaker
Speakers Bluetooth Wireless: 80W(Peak),69.0,4.7,957,bluetooth speaker
Bluetooth Speaker Wireless,69.0,4.7,170,bluetooth speaker
Portable Bluetooth Speaker: 240W,189.0,4.5,173,bluetooth speaker
Jbl Partybox Club 120,299.0,4.7,725,bluetooth speaker
Portable Bluetooth Speaker: 240W,189.0,4.5,173,bluetooth speaker
Klipsch The Detroit Portable,290.0,4.3,168,bluetooth speaker
Marshall Emberton Iii Portable,169.0,4.6,249,bluetooth speaker
Doss Extreme Boom Pro,169.0,4.5,49,bluetooth speaker
Speakers Bluetooth Wireless: 80W(Peak),69.0,4.7,957,bluetooth speaker
Fulminare Bluetooth Speaker With,26.0,4.3,348,bluetooth speaker
Monster Rockin’ Roller 360,269.0,4.3,172,bluetooth speaker
Speakers Bluetooth Wireless: 80W(Peak),69.0,4.7,957,bluetooth speaker
Bluetooth Speaker Wireless,69.0,4.7,170,bluetooth speaker
Doss Extreme Boom Pro,169.0,4.5,49,bluetooth speaker
Philips X5206 Bluetooth Party,189.0,4.2,547,bluetooth speaker
Doss Extreme Boom Pro,169.0,4.5,49,bluetooth speaker
Philips X5206 Bluetooth Party,189.0,4.2,547,bluetooth speaker
Portable Bluetooth Speaker: 240W,189.0,4.5,173,bluetooth speaker
Bluetooth Speaker Wireless,69.0,4.7,170,bluetooth speaker
Fulminare Bluetooth Speaker With,26.0,4.3,348,bluetooth speaker
S9 Lightweight Wireless Gaming,54.0,4.5,11,gaming mouse
Ffj Wireless Gaming Mouse,39.0,4.7,181,gaming mouse
Ffj Wireless Gaming Mouse,39.0,4.7,181,gaming mouse
Lewentech Gaming Mouse 6,15.0,4.5,111,gaming mouse
Gravastar Wireless Gaming Mice,99.0,4.4,438,gaming mouse
Lewentech Gaming Mouse 6,15.0,4.5,111,gaming mouse
Ffj Wireless Gaming Mouse,39.0,4.7,181,gaming mouse
Steelseries Rival 3 Gen,34.0,4.8,21,gaming mouse
Ffj Wireless Gaming Mouse,39.0,4.7,181,gaming mouse
Ffj Wireless Gaming Mouse,39.0,4.7,181,gaming mouse
Lewentech Gaming Mouse 6,15.0,4.5,111,gaming mouse
Razer Viper V3 Hyperspeed,59.0,4.4,560,gaming mouse
Ffj Wireless Gaming Mouse,39.0,4.7,181,gaming mouse
Razer Basilisk V3 Pro,159.0,4.5,227,gaming mouse
Attack Shark X3 Wireless,37.0,4.4,603,gaming mouse
Nexurion Reaper Z Pro,9.0,4.3,117,gaming mouse
Ffj Wireless Gaming Mouse,39.0,4.7,181,gaming mouse
Steelseries Rival 3 Gen,34.0,4.8,21,gaming mouse
Razer Basilisk V3 Pro,159.0,4.5,227,gaming mouse
Gravastar Mercury X Wireless,109.0,4.3,88,gaming mouse
Lewentech Gaming Mouse 6,15.0,4.5,111,gaming mouse
Logitech G Pro 2,118.0,4.7,88,gaming mouse
Gravastar Mercury M2 Wireless,80.0,4.5,633,gaming mouse
Razer Basilisk V3 35K,79.0,4.6,178,gaming mouse
Ffj Wireless Gaming Mouse,39.0,4.7,181,gaming mouse
Fnatic X Lamzu Maya,119.0,4.5,566,gaming mouse
Solakaka Sm809 Mmo Gaming,39.0,5.0,26,gaming mouse
Gravastar Mercury M1 Pro,99.0,4.4,438,gaming mouse
Lewentech Gaming Mouse 6,15.0,4.5,111,gaming mouse
Wireless Gaming Mouse,9.0,4.2,506,gaming mouse
Corsair Scimitar Elite Rgb,129.0,3.9,399,gaming mouse
Wired Pc Gaming Mouse:,8.0,4.5,302,gaming mouse
Memzuoix 2.4G Led Wireless,15.0,4.3,324,gaming mouse
Ffj Wireless Gaming Mouse,39.0,4.7,181,gaming mouse
Daidai Ajazz Aj159 Apex,59.0,4.4,28,gaming mouse
Solakaka Sm809 Mmo Gaming,39.0,5.0,26,gaming mouse
Corsair Scimitar Elite Rgb,129.0,3.9,399,gaming mouse
Arbiter Akitsu 8K Carbon,139.0,4.6,31,gaming mouse
Sm809 Pro Wireless Mmo,32.0,4.2,308,gaming mouse
Glorious Gaming Series 2,47.0,2.8,7,gaming mouse
Gravastar Mercury X Pro,139.0,4.3,88,gaming mouse
Wireless Gaming Mouse,9.0,4.2,54,gaming mouse
Asus Rog Harpe Gaming,99.0,4.4,641,gaming mouse
Asus Rog Keris Wireless,101.0,4.5,329,gaming mouse
Gravastar Mercury M1 Pro,99.0,4.4,438,gaming mouse
Asus Rog Strix Impact,71.0,4.5,657,gaming mouse
Redragon Wireless Gaming Mouse,29.0,4.5,462,gaming mouse
Nexurion Reaper Z Pro,9.0,4.3,117,gaming mouse
Sm809 Pro Wireless Mmo,32.0,4.2,308,gaming mouse
"Hisense 55"" Class U7",697.0,4.4,39,4k tv
"Hisense 55"" Class U7",697.0,4.4,39,4k tv
Samsung 50,997.0,4.3,351,4k tv
Samsung 50,597.0,4.4,49,4k tv
"Hisense 55"" Class U6",499.0,4.6,74,4k tv
Samsung 55,377.0,4.1,150,4k tv
Roku Smart Tv 2025,249.0,4.5,194,4k tv
"Hisense 43"" Class Qd6",199.0,4.2,205,4k tv
"Amazon Fire Tv 43""",219.0,4.4,700,4k tv
Samsung 65,549.0,4.2,154,4k tv
"Amazon Fire Tv 43""",219.0,4.4,700,4k tv
"Hisense 55"" Class U6",499.0,4.6,74,4k tv
Like,359.0,4.1,119,4k tv
Samsung 50,997.0,4.3,351,4k tv
"Hisense 55"" Class U7",697.0,4.4,39,4k tv
Sylvox Outdoor Tv,6199.0,4.5,32,4k tv
Auto Focus & Keystone5G,69.0,4.3,11,4k tv
"Hisense 75"" Class Qd7",649.0,4.3,86,4k tv
Lg 55,376.0,3.8,15,4k tv
"Hisense 55"" Class U7",697.0,4.4,39,4k tv
Sylvox 50 Inch Outdoor,1199.0,4.4,150,4k tv
Sylvox Outdoor Tv,6199.0,4.5,32,4k tv
Sansui 55,799.0,4.1,160,4k tv
Lg 65,999.0,4.5,276,4k tv
Samsung 32,497.0,4.4,49,4k tv
Roku Smart Tv –,498.0,4.4,810,4k tv
"Hisense 55"" Class U7",697.0,4.4,39,4k tv
Sony 50,548.0,4.3,766,4k tv
Lg 65,999.0,4.5,276,4k tv
Panasonic W70 Series (2025,299.0,4.5,56,4k tv
Vizio 43,183.0,4.5,51,4k tv
Vizio V4K43M 43 Inch,188.0,3.4,14,4k tv
4K Projector Google Tv,495.0,5.0,13,4k tv
Hdmi Cable 100 Ft/Fiber,36.0,4.6,15,4k tv
4K Projector Google Tv,495.0,5.0,13,4k tv
Samsung 75,849.0,4.1,368,4k tv
Samsung Du7200 50 Inch,399.0,3.6,40,4k tv
Samsung 55,1097.0,4.1,175,4k tv
"Hisense 55"" Class U7",697.0,4.4,39,4k tv
Sylvox 50 Inch Outdoor,1199.0,4.4,150,4k tv
Sansui 55,799.0,4.1,160,4k tv
Samsung Qn32Q60Dafxza 32 Inch,497.0,4.5,160,4k tv
Samsung 50,997.0,4.3,351,4k tv
Vizio V4K43M 43 Inch,188.0,3.4,14,4k tv
"Hisense 55"" Class U7",697.0,4.4,39,4k tv
Panasonic W70 Series (2025,349.0,4.5,56,4k tv
"Roku 43"" Select Series",179.0,3.8,5,4k tv
Samsung Qn32Q60Dafxza 32 Inch,497.0,4.5,160,4k tv
Hisense 65,999.0,4.6,287,4k tv
Tcl 55,527.0,4.4,125,4k tv
Insignia 55,239.0,4.3,93,4k tv
Insignia 50,199.0,3.8,10,4k tv
Auto Focus & Keystone5G,69.0,4.3,11,4k tv
Full Motion Tv Wall,39.0,5.0,19,4k tv
4K Projector Google Tv,495.0,5.0,13,4k tv
Samsung 75,849.0,4.1,368,4k tv
Tcl 55,299.0,4.0,369,4k tv
"Roku 43"" Select Series",179.0,3.8,5,4k tv
"Hisense 55"" Class U7",697.0,4.4,39,4k tv
Sylvox Outdoor Tv,6199.0,4.5,32,4k tv
Samsung 50,997.0,4.3,351,4k tv
Sylvox 50 Inch Outdoor,1199.0,4.4,150,4k tv
Samsung Du7200 50 Inch,399.0,3.6,40,4k tv
Insignia 50,199.0,3.8,10,4k tv
Vizio 43,183.0,4.5,51,4k tv
Hisense 75,799.0,4.4,863,4k tv
Insignia 55,239.0,4.3,93,4k tv
Samsung 55,1097.0,4.1,175,4k tv
Vizio V4K43M 43 Inch,218.0,3.4,5,4k tv
Auto Focus & Keystone5G,69.0,4.3,11,4k tv
Fpd 43 Inch Smart,179.0,4.0,513,4k tv
Full Motion Tv Wall,39.0,5.0,19,4k tv
4K Projector Google Tv,495.0,5.0,13,4k tv
Roku Smart Tv –,598.0,4.5,387,4k tv
Hisense 55,698.0,4.2,774,4k tv
Hisense 75,799.0,4.4,863,4k tv
"Hisense 55"" Class U7",697.0,4.4,39,4k tv
Samsung 50,997.0,4.3,351,4k tv
Panasonic Z85 Series (2024,997.0,4.5,78,4k tv
"Hisense 55"" Class Qd7",399.0,4.3,86,4k tv
Horion 43 Inch Smart,239.0,4.3,41,4k tv
Sylvox Outdoor Tv,2199.0,4.4,49,4k tv
Sony Bravia 5 65,1498.0,4.7,22,4k tv
55,699.0,4.6,25,4k tv
"Hisense 55"" Class Qd7",399.0,4.3,86,4k tv
Samsung 32,177.0,4.4,108,4k tv
Samsung 65,1097.0,4.4,43,4k tv
"Amazon Fire Tv 55""",365.0,4.7,171,4k tv
"Amazon Fire Tv 55""",699.0,4.2,250,4k tv
Auto Focus & Keystone5G,69.0,4.3,11,4k tv
5''Portable Tv,83.0,4.1,20,4k tv
Sony Wh,449.0,4.4,252,noise cancelling headphones
Tagry Active Noise Cancelling,49.0,5.0,172,noise cancelling headphones
Y05 Bluetooth Headphones Wireless,29.0,5.0,30,noise cancelling headphones
Sony Wh,449.0,4.4,252,noise cancelling headphones
Philips H6509 Wireless Headphones,99.0,4.2,853,noise cancelling headphones
Baseus Bass Bp1 Pro,39.0,5.0,33,noise cancelling headphones
Tagry Active Noise Cancelling,49.0,5.0,172,noise cancelling headphones
Sony Wh,448.0,5.0,1,noise cancelling headphones
Hybrid Active Noise Cancelling,39.0,4.9,358,noise cancelling headphones
Kids Ear Protection Earmuffs,26.0,4.6,535,noise cancelling headphones
Tronsmart Kh03 Kids Noise,39.0,4.5,155,noise cancelling headphones
Bluetooth 5.4 Hearing Protection,40.0,4.5,435,noise cancelling headphones
Bone Conduction Swimming Headphones,89.0,4.3,165,noise cancelling headphones
Sony Wh,449.0,4.4,252,noise cancelling headphones
1Mii Y8+ Noise Cancelling,41.0,4.5,363,noise cancelling headphones
Active Noise Cancelling Headphones,23.0,4.9,31,noise cancelling headphones
Active Noise Cancelling Wireless,18.0,4.4,904,noise cancelling headphones
Tagry Open Ear Headphones,44.0,5.0,10,noise cancelling headphones
Wireless Earbuds Sport,24.0,4.9,481,noise cancelling headphones
Y01 Wireless Over Ear,39.0,4.2,368,noise cancelling headphones
Belkin Soundform Surround Bluetooth,39.0,4.0,30,noise cancelling headphones
Jbl Live 770Nc,199.0,4.5,991,noise cancelling headphones
Apple Airpods Max Wireless,529.0,4.5,580,noise cancelling headphones
Sony Wh,119.0,4.4,942,noise cancelling headphones
Bose Quietcomfort Wireless Noise,189.0,4.4,48,noise cancelling headphones
Emeet Airflow Open Ear,159.0,4.0,160,noise cancelling headphones
3M Worktunes Connect +,119.0,4.0,80,noise cancelling headphones
12 Pcs Hearing Protection,75.0,4.2,16,noise cancelling headphones
Sony Wh,119.0,4.4,942,noise cancelling headphones
Jbl Tune 670Nc,79.0,4.5,753,noise cancelling headphones
Sony Wh,449.0,4.4,252,noise cancelling headphones
Golrex Active Noise Cancelling,89.0,5.0,370,noise cancelling headphones
1Mii Y8+ Noise Cancelling,41.0,4.5,363,noise cancelling headphones
Sony Wh,219.0,4.6,504,noise cancelling headphones
Jbl Live 770Nc,199.0,4.5,991,noise cancelling headphones
Levn Hybrid Active Noise,39.0,4.9,114,noise cancelling headphones
Bose Quietcomfort Wireless Noise,189.0,4.4,48,noise cancelling headphones
Bose Quietcomfort 45 Noise,168.0,4.3,350,noise cancelling headphones
Noise Cancelling Headphones Wireless,26.0,4.4,152,noise cancelling headphones
Skullcandy Icon Anc Wireless,99.0,4.3,128,noise cancelling headphones
Sony Wh,449.0,4.4,252,noise cancelling headphones
3M Worktunes Connect +,119.0,4.0,80,noise cancelling headphones
Sony Wh,449.0,4.4,252,noise cancelling headphones
Bowers & Wilkins Px7,449.0,4.7,70,noise cancelling headphones
Soundcore Space One Pro,199.0,4.5,661,noise cancelling headphones
Sony Wh,449.0,4.4,252,noise cancelling headphones
Wireless Earbuds Anc Noise,69.0,4.5,291,noise cancelling headphones
1Mii Y8+ Noise Cancelling,41.0,4.5,363,noise cancelling headphones
Bose Quietcomfort 45 Noise,168.0,4.3,350,noise cancelling headphones
Bose Quietcomfort 25 Noise,157.0,4.0,150,noise cancelling headphones
1Mii Y8+ Noise Cancelling,41.0,4.5,363,noise cancelling headphones
Bluetooth Headset With Usb,39.0,4.9,283,noise cancelling headphones
Philips H8506 Over,55.0,4.2,853,noise cancelling headphones
Jbl Live 670Nc,89.0,4.4,684,noise cancelling headphones
Philips H6509 Wireless Headphones,99.0,4.2,853,noise cancelling headphones
3M Worktunes Connect +,119.0,4.0,80,noise cancelling headphones
Lorelei Qc60 Hybrid Active,34.0,4.5,129,noise cancelling headphones
Levn Hybrid Active Noise,39.0,4.9,114,noise cancelling headphones
1Mii Y8+ Noise Cancelling,41.0,4.5,363,noise cancelling headphones
1Mii Y8+ Noise Cancelling,41.0,4.5,363,noise cancelling headphones
Active Noise Cancelling Headphones,59.0,4.2,283,noise cancelling headphones
Made For Amazon,79.0,4.3,33,noise cancelling headphones
Freepods 120H Playtime Bluetooth,39.0,4.7,16,noise cancelling headphones
Skullcandy Icon Anc Wireless,99.0,4.3,128,noise cancelling headphones
Wireless Earbuds,25.0,4.8,324,noise cancelling headphones
Treblab U5,89.0,4.7,70,noise cancelling headphones
Noise Cancelling Headphones,17.0,4.2,312,noise cancelling headphones
T,59.0,4.3,645,noise cancelling headphones
3M Worktunes Connect +,119.0,4.0,80,noise cancelling headphones
2In1 Sata To Usb,14.0,4.8,27,external hard drive
2,8.0,4.9,21,external hard drive
"Acasis 500Gb Usb3.0 2.5""",23.0,4.6,372,external hard drive
Crucial X10 6Tb Portable,490.0,4.5,80,external hard drive
Fantom Drives,376.0,4.4,269,external hard drive
Crucial X10 1Tb Portable,99.0,4.5,80,external hard drive
"Acasis 500Gb Usb3.0 2.5""",23.0,4.6,372,external hard drive
Avolusion Pro,189.0,4.6,10,external hard drive
Move Speed External Hard,119.0,5.0,4,external hard drive
Phixero P5 1Tb External,62.0,4.7,4,external hard drive
Orico 512 Gb Magnetic,39.0,4.2,181,external hard drive
Sandisk Professional 48Tb G,2799.0,3.8,25,external hard drive
Avolusion Pro,198.0,4.7,4,external hard drive
Portable Docking Station External,55.0,4.2,21,external hard drive
Sandisk Professional 48Tb G,2799.0,3.8,25,external hard drive
Crucial X10 1Tb Portable,99.0,4.5,80,external hard drive
Western Digital 5Tb My,119.0,4.6,616,external hard drive
Move Speed External Hard,119.0,5.0,4,external hard drive
Phixero P20 External Portable,135.0,4.4,15,external hard drive
Phixero P5 1Tb External,62.0,4.7,4,external hard drive
1Tb Magnetic Portable Ssd,94.0,4.1,61,external hard drive
Nrico Ultra Slim 750Gb,30.0,4.4,51,external hard drive
Avolusion M2 500Gb Usb,19.0,2.7,6,external hard drive
Avolusion M2 500Gb Usb,19.0,2.6,7,external hard drive
Crucial X10 4Tb Portable,246.0,4.5,80,external hard drive
Oyen Digital Novus 20Tb,459.0,4.0,114,external hard drive
Nrico 500Gb Portable External,26.0,4.4,347,external hard drive
Wd 5Tb My Passport,131.0,4.2,461,external hard drive
Avolusion Pro,189.0,4.4,92,external hard drive
Portable Docking Station External,55.0,4.2,21,external hard drive
Phixero P5 1Tb External,62.0,4.7,4,external hard drive
Move Speed External Hard,119.0,5.0,4,external hard drive
Seagate One Touch,140.0,4.6,874,external hard drive
Crucial X10 1Tb Portable,99.0,4.5,80,external hard drive
Sandisk Professional 48Tb G,2799.0,3.8,25,external hard drive
Sandisk Professional 52Tb G,1799.0,5.0,3,external hard drive
Avolusion Pro,179.0,3.2,20,external hard drive
"Acasis Usb3.0 2.5"" Portable",18.0,4.3,77,external hard drive
Avolusion Pro,169.0,3.9,5,external hard drive
Avolusion Pro,89.0,4.3,62,external hard drive
Portable Docking Station External,55.0,4.2,21,external hard drive
Sandisk Professional 52Tb G,1799.0,5.0,3,external hard drive
Portable Docking Station External,55.0,4.2,21,external hard drive
Phixero P5 1Tb External,62.0,4.7,4,external hard drive
Move Speed External Hard,119.0,5.0,4,external hard drive
Phixero P20 External Portable,135.0,4.4,15,external hard drive
Crucial X10 1Tb Portable,99.0,4.5,80,external hard drive
Fantom Drives,376.0,4.4,269,external hard drive
Avolusion Pro,64.0,5.0,1,external hard drive
2Tb External Ssd Portable,135.0,4.3,670,external hard drive
Idiskk 2Tb App,129.0,4.0,149,external hard drive
Avolusion Pro,249.0,3.9,5,external hard drive
Portable Docking Station External,55.0,4.2,21,external hard drive
Portable,36.0,4.5,556,portable charger
Vrurc Portable Charger With,24.0,4.5,565,portable charger
Tessan Portable Charger With,21.0,4.8,79,portable charger
Baseus Picogo Power Bank,35.0,4.3,281,portable charger
Portable Charger,29.0,4.7,587,portable charger
Magnetic Portable Charger,27.0,4.6,885,portable charger
Powerbank Fast Charging Max,19.0,4.8,401,portable charger
Magnetic Portable Charger,24.0,4.9,85,portable charger
For Magsafe Portable Charger,26.0,4.8,502,portable charger
Portable Charger Power Bank,23.0,4.6,816,portable charger
Baseus Picogo Power Bank,35.0,4.3,281,portable charger
Portable Charger,23.0,4.6,816,portable charger
Aohi 240W Laptop Power,127.0,4.7,39,portable charger
Baseus Picogo Power Bank,35.0,4.3,281,portable charger
Portable Charger Power Bank,34.0,4.6,571,portable charger
"Torras 0.45"" Slim Magnetic",42.0,4.4,255,portable charger
"Torras 0.45"" Slim Magnetic",42.0,4.4,255,portable charger
Baseus Picogo Power Bank,35.0,4.3,281,portable charger
"Torras 0.45"" Slim Magnetic",42.0,4.4,255,portable charger
500W Usb C Fast,69.0,4.6,411,portable charger
Ykz 100W Laptop Portable,98.0,4.5,76,portable charger
"Torras 0.45"" Slim Magnetic",42.0,4.4,255,portable charger
Portable Charger,29.0,4.7,587,portable charger
Solar Charger Power Bank,35.0,4.4,899,portable charger
Mophie Powerstation Prime20,44.0,4.4,441,portable charger
2 Packs Portable Chargers,36.0,4.6,889,portable charger
Powerbank Fast Charging Max,19.0,4.8,401,portable charger
Champ Portable Charger,58.0,4.6,62,portable charger
Baseus Picogo Power Bank,35.0,4.3,281,portable charger
500W Usb C Fast,69.0,4.6,411,portable charger
Aohi 140W Pd3.1 Laptop,169.0,4.3,358,portable charger
Torras 10000Mah Magnetic Portable,50.0,4.4,255,portable charger
Veger Ac Wall Plug,24.0,4.7,27,portable charger
T,32.0,4.1,375,portable charger
Ykz 100W Laptop Portable,98.0,4.5,76,portable charger
Baseus Picogo Power Bank,35.0,4.3,281,portable charger
Charmast Portable Charger With,23.0,4.5,949,portable charger
Aohi 140W Pd3.1 Laptop,169.0,4.3,358,portable charger
"Torras 0.45"" Slim Magnetic",42.0,4.4,255,portable charger
500W Usb C Fast,69.0,4.6,411,portable charger
Baseus Picogo Power Bank,35.0,4.3,281,portable charger
Aohi 140W Pd3.1 Laptop,169.0,4.3,358,portable charger
Vrurc Portable Charger Power,24.0,4.5,565,portable charger
Ykz 100W Laptop Portable,98.0,4.5,76,portable charger
Gensrock Portable Power Bank,60.0,4.5,169,portable charger
Veektomx Portable Charger With,27.0,4.4,778,portable charger
Charmast 10000Mah Wired Portable,29.0,4.2,823,portable charger
Powerbank Fast Charging Max,19.0,4.8,401,portable charger
Baseus Picogo Power Bank,35.0,4.3,281,portable charger
Gensrock Portable Power Bank,60.0,4.5,169,portable charger
Aohi 140W Pd3.1 Laptop,169.0,4.3,358,portable charger
Veger Ac Wall Plug,24.0,4.7,27,portable charger
Aohi 140W Pd3.1 Laptop,169.0,4.3,358,portable charger
Baseus Picogo Power Bank,35.0,4.3,281,portable charger
"Torras 0.45"" Slim Magnetic",42.0,4.4,255,portable charger
Portable Charger With Built,18.0,4.4,493,portable charger
Portable Charger For Iphone,25.0,4.4,984,portable charger
Portable Charger,23.0,3.7,53,portable charger
Portable Charger,19.0,4.0,357,portable charger
Powerbank Fast Charging Max,19.0,4.8,401,portable charger
Potensic Atom 2 Drone,459.0,4.4,218,drone
Gps Drone With Camera,119.0,4.7,33,drone
Holy Stone Hs600D 3,499.0,4.4,889,drone
Holy Stone Hs360E Gps,249.0,4.2,920,drone
Gps Drone With Camera,79.0,4.5,196,drone
Holy Stone Hs600D 3,499.0,4.4,889,drone
Drones With Camera For,126.0,4.0,137,drone
Holy Stone Hs360E Gps,249.0,4.2,920,drone
Mini Drone With Camera,25.0,3.6,755,drone
Mini Drones For Kids,32.0,3.6,220,drone
Drone With Camera 1080P,36.0,4.7,26,drone
Drone With Camera For,39.0,5.0,11,drone
Drones With Camera For,99.0,4.2,384,drone
Drone With Camera 1080P,42.0,4.7,225,drone
Drone With Camera For,49.0,5.0,9,drone
Drone With Camera,43.0,4.5,328,drone
Drone With Camera,44.0,4.6,183,drone
Drone With Camera,49.0,4.4,768,drone
Dji Flip With Rc,639.0,4.6,743,drone
Drone With Camera For,49.0,4.8,125,drone
2650 Ft Long Range,99.0,5.0,60,drone
Autel Robotics Evo 2,2099.0,4.2,240,drone
Drones With Camera 4K,109.0,4.8,155,drone
Autel Robotics Evo Max,11999.0,5.0,1,drone
Autel Robotics Evo 2,2099.0,4.4,209,drone
Drone With Camera 1080P,42.0,4.7,225,drone
Potensic Atom 2 Drone,459.0,4.4,218,drone
Drones With Camera For,93.0,5.0,43,drone
E88 Drone With Screen,45.0,2.0,5,drone
Dji Mini 4K Drone,699.0,4.5,132,drone
Mini Drone For Adults,27.0,4.7,73,drone
Autel Robotics Evo Ii,5299.0,5.0,3,drone
Potensic Atom Lt Gps,179.0,4.4,449,drone
Dji Air 3S Fly,1399.0,4.5,424,drone
Drone With Camera 1080P,44.0,4.3,538,drone
Drone With Camera For,89.0,4.3,198,drone
Drones With Camera For,149.0,4.3,62,drone
Holy Stone Hs600D 3,499.0,4.4,889,drone
Holy Stone Hs360E Gps,249.0,4.2,920,drone
Drones With Camera For,126.0,4.0,137,drone
Drones For Adults,39.0,3.8,4,drone
V11Pro Drone With 8K,469.0,4.5,133,drone
Drone With Camera 1080P,39.0,4.1,661,drone
Holy Stone Hs600D 3,499.0,4.4,889,drone
Drones With Camera For,126.0,4.0,137,drone
Holy Stone Hs360E Gps,249.0,4.2,920,drone
Potensic Atom 2 Drone,459.0,4.4,218,drone
Drone With 4K Uhd,149.0,3.6,122,drone
Betafpv Cetus Fpv Rtf,191.0,3.8,378,drone
Holy Stone Fpv Drone,96.0,4.0,496,drone
Mini Drone With Camera,25.0,3.6,755,drone
Drone With Camera For,149.0,4.0,12,drone
"F205 Drone With 2.4""",89.0,4.1,114,drone
K600Gps Drone With Camera,249.0,4.2,52,drone
Drone With Camera For,39.0,4.5,134,drone
Td12Lcd Drone With Camera,98.0,4.6,117,drone
V995 Mini Drones For,39.0,4.4,53,drone
Bezgar Drones For Kids,49.0,4.3,50,drone
Holy Stone Hs600D 3,499.0,4.4,889,drone
Sky Viper Dash Nano,28.0,4.3,883,drone
V11Air Drone With 6K,399.0,5.0,18,drone
Drone With Camera For,49.0,5.0,9,drone
Drones With Camera For,99.0,4.2,384,drone
Drone With Camera 1080P,49.0,4.4,83,drone
Bwine F7Gim Pro Drone,390.0,4.6,37,drone
Gps Drones With 4K,159.0,4.1,294,drone
Ruko U11Mini Drones With,299.0,4.5,491,drone
Drone With Camera 1080P,44.0,4.3,538,drone
Brushless Motor Drone,64.0,4.4,254,drone
Drone With Camera,59.0,5.0,80,drone
Sharper Image® X,29.0,3.9,103,drone
Holy Stone Hs360E Gps,249.0,4.2,920,drone
Mini Drone With Camera,29.0,3.9,146,drone
2K Hd Fpv Drone,49.0,5.0,2,drone
Gps Drone With Camera,169.0,4.2,195,drone
Drone With Dual Cameras,39.0,3.6,17,drone
Drones For Kids With,39.0,4.3,402,drone
Drone With Camera For,29.0,3.5,30,drone
Drone With Camera 1080P,49.0,4.6,497,drone
Drones With Camera For,99.0,4.2,637,drone
Bwine F7Mini Se Gps,199.0,4.3,896,drone
X300C Mini Drone With,31.0,4.3,356,drone
Drone With Camera For,89.0,4.3,198,drone
Syma Mini Drone For,45.0,4.3,220,drone
Gps Drones With Camera,129.0,5.0,10,drone
Drone With Camera For,59.0,3.6,85,drone
Drone With Camera For,49.0,4.4,616,drone
Drone: A Political Technothriller,9.0,4.4,543,drone
Mini Drone With Camera,42.0,4.2,741,drone
Drone With Screen Display,69.0,3.8,5,drone
"F205 Drone With 2.4""",89.0,4.1,114,drone
Specta Mini Drone With,269.0,4.5,30,drone
Holy Stone Hs600D 3,499.0,4.4,889,drone
Drones With Camera For,126.0,4.0,137,drone
V11Air Drone With 6K,399.0,5.0,18,drone
Holy Stone Hs360E Gps,249.0,4.2,920,drone
Gps Drone With Camera,69.0,4.2,13,drone
Syma Mini Drone For,45.0,4.3,220,drone
Betafpv Meteor75 Pro 1S,134.0,4.2,128,drone
Holy Stone Hs600D 3,499.0,4.4,889,drone
Drones With Camera For,126.0,4.0,137,drone
Holy Stone Hs360E Gps,249.0,4.2,920,drone
Drones With Camera For,149.0,4.3,62,drone
Mini Drone With Camera,25.0,3.6,755,drone
"F205 Drone With 2.4""",89.0,4.1,114,drone
Drone With Camera For,149.0,4.0,12,drone
Drone With Camera For,39.0,4.5,134,drone
Drone With Camera For,39.0,4.5,134,drone
Td12Lcd Drone With Camera,98.0,4.6,117,drone
V995 Mini Drones For,39.0,4.4,53,drone
Bezgar Drones For Kids,49.0,4.3,50,drone
Holy Stone Gps Drone,269.0,4.3,63,drone
Cool Mini Drone With,29.0,3.7,219,drone
Td12Lcd Drone With Camera,98.0,4.6,117,drone
Holy Stone Hs600D 3,499.0,4.4,889,drone
Foldable Drone With 4K,45.0,3.9,25,drone
Holy Stone Hs210T Drones,48.0,4.2,464,drone
Sharper Image® X,29.0,3.9,103,drone
Holy Stone Hs360S Gps,249.0,4.0,62,drone
Autel Robotics Evo Ii,5299.0,5.0,1,drone
Gps Drone With 4K,149.0,4.9,19,drone
Autel Robotics Evo Ii,3299.0,5.0,5,drone
Drone With Camera Wipkviey,49.0,4.3,30,drone
Drone,1.0,3.0,2013,drone
Bezgar Drones For Kids,49.0,3.9,75,drone
Apex Vr70 Fpv Drone,169.0,3.7,94,drone
Drone (Deridia Book 7),3.0,4.6,169,drone
Mini Drone With Camera,25.0,3.6,755,drone
Holy Stone Hs600D 3,499.0,4.4,889,drone
"F205 Drone With 2.4""",89.0,4.1,114,drone
Drone: A Political Technothriller,9.0,4.4,543,drone
Drone,1.0,3.0,2013,drone
Td12Lcd Drone With Camera,98.0,4.6,117,drone
Drone With Camera For,39.0,4.5,134,drone
V995 Mini Drones For,39.0,4.4,53,drone
Drone With 1080P Camera,39.0,4.4,576,drone
Holy Stone Hs600D 3,499.0,4.4,889,drone
Drones With Camera For,126.0,4.0,137,drone
"F205 Drone With 2.4""",89.0,4.1,114,drone
Holy Stone Hs360E Gps,249.0,4.2,920,drone
Cool Mini Drone With,29.0,3.7,219,drone
Drone With Camera For,149.0,4.0,12,drone
Drones With Camera For,126.0,4.0,137,drone
Holy Stone Hs360E Gps,249.0,4.2,920,drone
Drone (Deridia Book 7),3.0,4.6,169,drone
Drone,0.0,4.3,845,drone
The Drone That Saved,1.0,4.3,2023,drone
X1 Pro 4K Action,499.0,4.4,137,drone
Holy Stone Hs600D 3,499.0,4.4,889,drone
Mini Drone With Camera,25.0,3.6,755,drone
Drone With Camera For,149.0,4.0,12,drone
Cool Mini Drone With,29.0,3.7,219,drone
Holy Stone Hs600D 3,499.0,4.4,889,drone
Drones With Camera For,126.0,4.0,137,drone
"F205 Drone With 2.4""",89.0,4.1,114,drone
Holy Stone Hs360E Gps,249.0,4.2,920,drone
Drone (The Kennedy Chronicles,0.0,3.2,4,drone
"F205 Drone With 2.4""",89.0,4.1,114,drone
Dji Inspire 2 Drone,2099.0,4.5,8,drone
Td12Lcd Drone With Camera,98.0,4.6,117,drone
Td12Lcd Drone With Camera,98.0,4.6,117,drone
V995 Mini Drones For,39.0,4.4,53,drone
Drone With Camera For,39.0,4.5,134,drone
Syma S107H,49.0,4.6,66,drone
Td12Lcd Drone With Camera,98.0,4.6,117,drone
Drones With Camera For,126.0,4.0,137,drone
Holy Stone Hs360E Gps,249.0,4.2,920,drone
Aqara Smart Hub M3,109.0,4.0,872,smart home hub
Google Nest Hub Home,23.0,4.4,147,smart home hub
Switchbot Smart Relay Switch,24.0,4.3,605,smart home hub
Broadlink Rm4 Pro Smart,49.0,4.1,379,smart home hub
Home Assistant Green |,149.0,4.5,172,smart home hub
Like,134.0,4.6,65,smart home hub
Like,161.0,4.2,18,smart home hub
Aqara Smart Hub M3,109.0,4.0,872,smart home hub
Smart Hub Gateway: Wi,23.0,3.6,90,smart home hub
Homey Bridge | Smart,68.0,2.9,66,smart home hub
Matter Smart Home Hub,49.0,3.8,64,smart home hub
Aqara Smart Hub M3,109.0,4.0,872,smart home hub
Smart Wifi Switch,30.0,5.0,2,smart home hub
Aqara Smart Hub M3,109.0,4.0,872,smart home hub
Broadlink Rm4 Pro Smart,49.0,4.1,379,smart home hub
Zigbee 3.0 Hub Wifi,25.0,3.8,41,smart home hub
Smart Plug Switch,29.0,4.6,100,smart home hub
Sonoff Nspanel Pro 120,109.0,3.9,11,smart home hub
Hubitat Elevation Home Automation,149.0,3.8,375,smart home hub
Ultraloq Latch 5 World'S,159.0,4.1,553,smart home hub
Wifi Water Leak Detectors,39.0,4.5,30,smart home hub
Aqara Smart Hub M3,109.0,4.0,872,smart home hub
Homey Pro | Smart,397.0,3.8,141,smart home hub
Hubitat Elevation Home Automation,199.0,4.0,160,smart home hub
Wifi Water Leak Detectors,39.0,4.5,30,smart home hub
Tapo H500 Smart Hub,149.0,2.0,2,smart home hub
Moes Matter Zigbee Gateway,49.0,3.9,24,smart home hub
Smart Wifi Switch,30.0,5.0,2,smart home hub
Tolviviov Alarm System Wireless,74.0,4.1,35,smart home hub
Smart Plug Switch,29.0,4.6,100,smart home hub
Tp,22.0,4.4,576,smart home hub
Aqara Smart Hub M100,19.0,4.0,90,smart home hub
Aqara Cube T1 Pro,20.0,4.0,552,smart home hub
Aqara Smart Light Switch,44.0,4.3,992,smart home hub
Aqara Smart Hub M3,109.0,4.0,872,smart home hub
Ghome Smart G2 Gateway,26.0,4.2,93,smart home hub
Sonoff Ihost Smart Home,99.0,4.0,220,smart home hub
Sonoff Nspanel Pro 120,109.0,4.1,9,smart home hub
Zigbee 3.0 Hub Wifi,25.0,3.8,41,smart home hub
Aqara Cube T1 Pro,20.0,4.0,552,smart home hub
Yoolax Zigbee Matter Smart,79.0,5.0,1,smart home hub
Sengled Smart Home Hub,22.0,4.2,747,smart home hub
Arlo Pro Smarthub Certified,66.0,3.9,209,smart home hub
Google Audio Bluetooth Speaker,74.0,4.4,172,smart home hub
Nexia Z,122.0,4.0,157,smart home hub
Moes Smart Home Touchscreen,149.0,4.2,17,smart home hub
Smart Wifi Switch,30.0,5.0,2,smart home hub
Moen 900,608.0,4.2,68,smart home hub
Moes Smart Home Touchscreen,149.0,4.2,17,smart home hub
Google Audio Bluetooth Speaker,74.0,4.4,172,smart home hub
Reolink Home Hub Security,99.0,4.0,96,smart home hub
Aqara Smart Hub M3,109.0,4.0,872,smart home hub
Wifi Water Leak Detector,50.0,4.4,138,smart home hub
Water Leak Detector For,30.0,4.3,17,smart home hub
Broadlink Rm4 Pro Smart,49.0,4.1,379,smart home hub
Sengled Smart Home Hub,22.0,4.2,747,smart home hub
Smart Hub Compatible With,33.0,2.5,41,smart home hub
Moes Tuya Zigbee 3.0,39.0,4.2,462,smart home hub
Water Leak Detector For,30.0,4.3,17,smart home hub
Zigbee 3.0 Hub Wifi,25.0,3.8,41,smart home hub
Matter Smart Wired Hub,49.0,3.0,4,smart home hub
Echo (4Th Generation) International,99.0,4.8,740,smart home hub
Aqara Hub M1S Gen,39.0,4.1,639,smart home hub
Moes Zigbee & Bluetooth,39.0,3.9,66,smart home hub
Smart Wifi Switch,30.0,5.0,2,smart home hub
Wifi Water Leak Detector,50.0,4.4,138,smart home hub
Sonoff Basicr4 Wi,52.0,4.7,9,smart home hub
Reolink Home Hub Security,99.0,4.0,96,smart home hub
Aqara Smart Hub M3,109.0,4.0,872,smart home hub
Aqara Smart Plug,29.0,4.5,576,smart home hub
Wifi Water Leak Detectors,39.0,4.5,30,smart home hub
Thirdreality Zigbee Motion Sensor,29.0,4.0,24,smart home hub
Nexia Z,122.0,4.0,157,smart home hub
Go Smart Bridge Home,189.0,4.2,32,smart home hub
Water Leak Detector For,30.0,4.3,17,smart home hub
Aqara Smart Hub M3,109.0,4.0,872,smart home hub
Thirdreality Multi,99.0,4.2,190,smart home hub
Like,174.0,4.5,591,smart home hub
Smart Life Zigbee Hub,49.0,4.0,4,smart home hub
X3 Hub Smart Home,59.0,4.4,5,smart home hub
Sonoff Nspanel Pro Smart,119.0,4.1,9,smart home hub
Smart Wifi Switch,30.0,5.0,2,smart home hub
Eversecu Wifi Smart Light,9.0,3.9,11,smart home hub
Aula S75 Pro Wireless,79.0,3.5,3,mechanical keyboard
Aula F75 75% Wireless,67.0,4.7,859,mechanical keyboard
Aula F75 Pro Wireless,69.0,4.6,795,mechanical keyboard
Tmkb T87Se Mechanical Gaming,19.0,4.2,454,mechanical keyboard
Redragon K668 Rgb Gaming,39.0,4.6,925,mechanical keyboard
Keychron C2 Full Size,45.0,4.4,474,mechanical keyboard
Rk Royal Kludge Rk96,69.0,4.5,611,mechanical keyboard
Eweadn V20 Typewriter Keyboard,74.0,4.0,98,mechanical keyboard
Redthunder K95 Wireless Mechanical,94.0,4.1,186,mechanical keyboard
Huo Ji E,49.0,4.6,230,mechanical keyboard
Gravastar Mercury K1 75%,129.0,4.7,96,mechanical keyboard
Cherry Kc 200 Mx,68.0,4.5,196,mechanical keyboard
Asus Rog Strix Scope,179.0,4.6,663,mechanical keyboard
Razer Blackwidow V4 Pro,229.0,4.0,789,mechanical keyboard
Logitech G915 X Wired,179.0,4.0,291,mechanical keyboard
Firstblood Only Game. Ak992,44.0,4.3,203,mechanical keyboard
Zornher Zh870 Wireless Mechanical,109.0,4.8,11,mechanical keyboard
Yunzii B75 Pro Wireless,73.0,4.6,640,mechanical keyboard
Aula F75 75% Wireless,67.0,4.7,859,mechanical keyboard
Eweadn V20 Typewriter Keyboard,74.0,4.0,98,mechanical keyboard
Womier 75% Keyboard With,62.0,4.4,112,mechanical keyboard
Redthunder K95 Wireless Mechanical,94.0,4.1,186,mechanical keyboard
Huo Ji E,49.0,4.6,230,mechanical keyboard
Aula Win60 He,39.0,4.4,60,mechanical keyboard
Rk Royal Kludge R98,69.0,4.6,19,mechanical keyboard
Wireless Mechanical Keyboard,44.0,4.6,245,mechanical keyboard
Firstblood Only Game. Ak992,44.0,4.3,203,mechanical keyboard
Aula F75 75% Wireless,67.0,4.7,859,mechanical keyboard
Keychron K8 Tenkeyless Wireless,63.0,4.3,916,mechanical keyboard
Redragon K686 Pro 98,49.0,4.7,357,mechanical keyboard
Aula S98 Pro Wireless,75.0,4.5,138,mechanical keyboard
Cherry Kc 200 Mx,68.0,4.5,196,mechanical keyboard
Tmkb T87Se Mechanical Gaming,19.0,4.2,454,mechanical keyboard
Zornher Zh870 Wireless Mechanical,109.0,4.8,11,mechanical keyboard
Keychron V6 Wired Custom,99.0,4.7,233,mechanical keyboard
Epomaker X Aula F75,70.0,4.6,174,mechanical keyboard
Razer Blackwidow V4 Pro,229.0,4.0,789,mechanical keyboard
Eweadn V20 Typewriter Keyboard,74.0,4.0,98,mechanical keyboard
Eweadn V20 Typewriter Keyboard,74.0,4.0,98,mechanical keyboard
Aula F99 Pro Wireless,64.0,4.6,434,mechanical keyboard
Redthunder K95 Wireless Mechanical,89.0,4.1,186,mechanical keyboard
Wireless Mechanical Keyboard,44.0,4.6,245,mechanical keyboard
Asus Rog Strix Scope,179.0,4.6,663,mechanical keyboard
Kemove K98Se Mechanical Gaming,37.0,4.2,340,mechanical keyboard
Eweadn V20 Typewriter Keyboard,74.0,4.0,98,mechanical keyboard
75% Retro Mechanical Keyboard,49.0,4.5,101,mechanical keyboard
Magegee Portable 60% Mechanical,16.0,4.2,63,mechanical keyboard
Rk Royal Kludge Rk96,79.0,4.3,918,mechanical keyboard
Rk Royal Kludge R75,64.0,4.5,453,mechanical keyboard
Geeky Gk61 60% |,25.0,4.6,455,mechanical keyboard
Keychron K2 He Rapid,139.0,4.5,70,mechanical keyboard
G98 Pro Wireless Mechanical,73.0,4.7,75,mechanical keyboard
Firstblood Only Game. Ak992,44.0,4.3,203,mechanical keyboard
Zornher Zh870 Wireless Mechanical,109.0,4.8,11,mechanical keyboard
Firstblood Only Game. Ak992,44.0,4.3,203,mechanical keyboard
Razer Blackwidow V4 X,129.0,3.9,188,mechanical keyboard
K75 Lite Wireless Mechanical,34.0,4.5,94,mechanical keyboard
Eweadn V20 Typewriter Keyboard,74.0,4.0,98,mechanical keyboard
Eweadn V20 Typewriter Keyboard,74.0,4.0,98,mechanical keyboard
Aula F99 Pro Wireless,64.0,4.6,434,mechanical keyboard
Womier 75% Keyboard With,62.0,4.4,112,mechanical keyboard
Aula F99 Pro Wireless,67.0,4.6,434,mechanical keyboard
Cherry Mx 3.0 S,89.0,4.6,715,mechanical keyboard
Firstblood Only Game. Ak992,44.0,4.3,203,mechanical keyboard
Corsair K70 Pro Rgb,179.0,4.4,328,mechanical keyboard
Kemove K98Se Mechanical Gaming,37.0,4.2,340,mechanical keyboard
Eweadn V20 Typewriter Keyboard,74.0,4.0,98,mechanical keyboard
Rk Royal Kludge Rk96,79.0,4.3,918,mechanical keyboard
Yunzii B75 Pro Wireless,73.0,4.6,640,mechanical keyboard
Aula S98 Pro Wireless,75.0,4.5,138,mechanical keyboard
Arteck Mechanical 2.4G Usb,39.0,3.9,181,mechanical keyboard
Retro Typewriter Wireless Mechanical,83.0,4.2,428,mechanical keyboard
G98 Pro Wireless Mechanical,73.0,4.7,75,mechanical keyboard
Rk Royal Kludge Rk96,69.0,4.5,611,mechanical keyboard
Whoop One – 12,199.0,4.0,18,fitness tracker
Smart Watch For Men,39.0,5.0,90,fitness tracker
Smart Watch For Men,24.0,4.9,642,fitness tracker
2025 Smart Watches For,119.0,4.2,306,fitness tracker
Whoop Life – 12,359.0,4.0,100,fitness tracker
Fitness Tracker With 24/7,26.0,4.6,263,fitness tracker
Fitness Tracker With 24/7,28.0,4.1,557,fitness tracker
Smart Watch For Women,59.0,4.4,953,fitness tracker
Smart Watch For Women,59.0,4.4,953,fitness tracker
Fitness Tracker With 24/7,28.0,4.1,557,fitness tracker
Smart Health Wristband,129.0,4.6,54,fitness tracker
Fitness Tracker,26.0,4.7,52,fitness tracker
Fitness Tracker 2025 Ver.,26.0,4.6,453,fitness tracker
Fitness Tracker With 24/7,28.0,4.3,300,fitness tracker
Fitness Tracker With Step,28.0,4.3,130,fitness tracker
Fitness Tracker 2025 Ver.,26.0,4.6,453,fitness tracker
Fitness Tracker,39.0,4.9,67,fitness tracker
Smart Watch For Women,59.0,4.4,953,fitness tracker
Smart Watch For Men,29.0,4.7,45,fitness tracker
Smart Watch,24.0,4.4,88,fitness tracker
Fitness Tracker,26.0,4.7,52,fitness tracker
Whoop Peak – 12,239.0,4.1,108,fitness tracker
Smart Watch For Women,59.0,4.4,953,fitness tracker
Smart Health Wristband,129.0,4.6,54,fitness tracker
Smart Watch For Men,69.0,4.4,12,fitness tracker
Aeac Smart Watch For,54.0,4.4,530,fitness tracker
Fitness Tracker 2025 Ver.,26.0,4.6,453,fitness tracker
Smart Watch For Women,59.0,4.4,953,fitness tracker
Smart Watch,24.0,4.4,88,fitness tracker
Smart Watch Health Fitness,49.0,4.5,208,fitness tracker
Fitness Tracker With Heart,28.0,4.7,70,fitness tracker
Fitness Tracker 2025 Ver.,26.0,4.6,453,fitness tracker
Fitness Tracker 2025 Ver.,26.0,4.6,453,fitness tracker
Smart Bracelet,149.0,4.5,166,fitness tracker
Fitness Tracker,39.0,4.9,67,fitness tracker
Garmin Lily 2,249.0,4.2,549,fitness tracker
Fitness Tracker With 24/7,22.0,4.2,49,fitness tracker
Fitness Tracker With Step,32.0,4.0,48,fitness tracker
Withings Scanwatch 2,369.0,3.8,672,fitness tracker
Samsung Galaxy Ring,399.0,4.1,544,fitness tracker
Smart Watch For Men,199.0,3.3,41,fitness tracker
Amazfit Bip 6 Smart,79.0,4.5,742,fitness tracker
Apple Watch Ultra 2,741.0,4.7,146,fitness tracker
Iamjoy Smart Health Wristband,160.0,4.2,486,fitness tracker
Fitness Tracker With 24/7,28.0,4.1,557,fitness tracker
Huakua Smart Watches For,29.0,4.8,972,fitness tracker
Whoop Peak – 12,239.0,4.1,108,fitness tracker
Fitness Tracker,26.0,4.7,52,fitness tracker
Fitness Tracker With 24/7,28.0,4.1,557,fitness tracker
Smart Watches For Women,39.0,4.7,844,fitness tracker
Fitness Tracker 2025 Ver.,26.0,4.6,453,fitness tracker
Fitness Tracker 2025 Ver.,26.0,4.6,453,fitness tracker
Smart Bracelet,149.0,4.5,166,fitness tracker
Fitness Tracker,39.0,4.9,67,fitness tracker
Blackview 2025 Smart Watch,29.0,4.6,517,fitness tracker
Smart Watch For Men,24.0,4.1,326,fitness tracker
Garmin Fenix 8 Premium,1204.0,4.6,152,fitness tracker
Fitness Tracker With Step,32.0,4.0,48,fitness tracker
Fitness Tracker 2025 Ver.,26.0,4.6,453,fitness tracker
Smart Watch For Men,179.0,4.8,586,fitness tracker
Garmin Lily 2,249.0,4.2,549,fitness tracker
Ruimen Fitness Tracker,39.0,4.4,321,fitness tracker
Garmin Forerunner 165,209.0,4.7,916,fitness tracker
Fitness Tracker Watch With,19.0,4.3,40,fitness tracker
Whoop Peak – 12,239.0,4.1,108,fitness tracker
Health Fitness Tracker,29.0,5.0,4,fitness tracker
Fitness Tracker With 24/7,22.0,4.2,49,fitness tracker
Fitness Tracker,26.0,4.7,52,fitness tracker
Parsonver Amoled Smart Watch,49.0,4.7,26,fitness tracker
Smart Watch For Men,179.0,4.8,586,fitness tracker
Garmin Vívoactive 5,189.0,4.3,111,fitness tracker
Fitness Tracker With 24/7,28.0,4.1,557,fitness tracker
Smart Bracelet,149.0,4.5,166,fitness tracker
Fitness Tracker 2025 Ver.,26.0,4.6,453,fitness tracker
Fitness Tracker With 24/7,26.0,4.6,263,fitness tracker
Garmin Fēnix® 8 –,1099.0,4.7,95,fitness tracker
Ruimen Fitness Tracker,39.0,4.4,321,fitness tracker
Fitness Tracker With Step,32.0,4.0,48,fitness tracker
Engerwall Fitness Tracker With,29.0,5.0,4,fitness tracker
Smart Watch For Men,29.0,5.0,203,fitness tracker
Garmin Enduro™ 3 –,899.0,4.5,121,fitness tracker
Oukitel Fitness Tracker,29.0,4.8,48,fitness tracker
Fitbit Versa Smart Watch,59.0,3.5,880,fitness tracker
Tozo S3 Smart Watch,29.0,4.1,538,fitness tracker
Health Fitness Tracker Smart,49.0,5.0,78,fitness tracker
Fitness Tracker With 24/7,28.0,4.1,557,fitness tracker
Fitness Tracker 2025 Ver.,26.0,4.6,453,fitness tracker
Whoop One – 12,199.0,4.0,18,fitness tracker
Smart Watch For Men,39.0,5.0,90,fitness tracker
Smart Bracelet,149.0,4.5,166,fitness tracker
Fitness Tracker 2025 Ver.,26.0,4.6,453,fitness tracker
Garmin Forerunner 165,209.0,4.7,916,fitness tracker
Smart Watch Health Fitness,49.0,4.5,208,fitness tracker
Fitness Tracker 2025 Ver.,26.0,4.6,453,fitness tracker
Fitness Tracker With 24/7,29.0,4.2,55,fitness tracker
Fitness Tracker No Bluetooth,33.0,3.7,597,fitness tracker
Parsonver Amoled Smart Watch,49.0,4.7,26,fitness tracker
Engerwall Fitness Tracker With,29.0,5.0,4,fitness tracker
Apple Watch Series 9,519.0,4.6,28,fitness tracker
Samsung Galaxy Fit 3,56.0,4.5,640,fitness tracker
Smart Watch For Women,85.0,5.0,3,fitness tracker
Withings Scanwatch 2,369.0,3.8,672,fitness tracker
Fitness Tracker With 24/7,28.0,4.1,557,fitness tracker
Fitness Tracker 2025 Ver.,26.0,4.6,453,fitness tracker
Whoop Peak – 12,239.0,4.1,108,fitness tracker
4K60Fps 30Mp Action Camera,49.0,4.4,577,action camera
Trail Camera,29.0,3.8,23,action camera
Gopro Hero13 Black,429.0,4.4,935,action camera
Autosky Dash Cam,49.0,3.9,21,action camera
Gopro Hero,219.0,3.9,630,action camera
Insta360 X5,549.0,4.6,582,action camera
4K 60Fps 48Mp Wifi,79.0,4.7,14,action camera
Action Camera 1080P 30Fps,22.0,3.9,779,action camera
Action Camera 4K60Fps 20Mp,69.0,4.9,121,action camera
Dji Osmo Action 5,339.0,4.4,572,action camera
Speed 10 Action Camera,49.0,4.2,270,action camera
4K Mini Action Camera,79.0,4.2,160,action camera
Dji Osmo Action 5,339.0,4.4,572,action camera
Dji Osmo Action 5,339.0,4.4,572,action camera
Speed 10 Action Camera,49.0,4.2,270,action camera
Dji Osmo Action 5,339.0,4.4,572,action camera
Insta360 Go 3S,399.0,4.2,268,action camera
Speed 10 Action Camera,49.0,4.2,270,action camera
Dji Osmo Action 5,339.0,4.4,572,action camera
Body Camera 128Gb,63.0,4.7,155,action camera
Apexcam Action Camera 4K,54.0,4.5,382,action camera
Gopro Hero11 Black –,268.0,4.4,925,action camera
Helmet Action Camera –,119.0,5.0,22,action camera
Boblov Kj23Pro 2K Body,89.0,4.4,244,action camera
Dji Osmo Action 5,339.0,4.4,572,action camera
Speed 10 Action Camera,49.0,4.2,270,action camera
Helmet Action Camera –,119.0,5.0,22,action camera
Insta360 X5 Essentials Bundle,659.0,4.6,582,action camera
Insta360 Ace Pro 2,399.0,4.6,432,action camera
Mcg Tactical Sports Action,19.0,4.6,3,action camera
Gopro Hero10 Black,248.0,4.2,934,action camera
Mini Body Camera Action,59.0,5.0,13,action camera
Speed 10 Action Camera,49.0,4.2,270,action camera
Akaso Ek7000 4K30Fps Action,69.0,4.4,106,action camera
Gopro Hero12 Black,369.0,4.4,657,action camera
H8 64Gb 4K Thumb,65.0,3.7,13,action camera
Gopro Hero13 (Hero 13),495.0,4.2,113,action camera
Speed 10 Action Camera,49.0,4.2,270,action camera
Helmet Action Camera –,119.0,5.0,22,action camera
4K 30Fps Action Camera,41.0,4.1,254,action camera
Helmet Action Camera –,119.0,5.0,22,action camera
Helmet Action Camera –,119.0,5.0,22,action camera
Boblov Kj23Pro 2K Body,89.0,4.4,244,action camera
Dragon Touch 4K Action,38.0,4.2,92,action camera
Akaso Brave 8 4K60Fps,239.0,4.1,105,action camera
Dji Osmo Action 5,339.0,4.4,572,action camera
4K Mini Wifi Action,79.0,4.2,160,action camera
Helmet Action Camera –,119.0,5.0,22,action camera
Mini Body Camera Action,59.0,5.0,13,action camera
Mini Body Camera 64Gb,49.0,4.5,267,action camera
Andoer Mini Wifi Action,27.0,3.3,6,action camera
Body Camera With Audio,49.0,4.3,457,action camera
Gopro Hero13 (Hero 13),495.0,4.2,113,action camera
Body Camera With Audio,44.0,4.2,550,action camera
H7 64Gb 1080P Thumb,55.0,3.7,13,action camera
4K Mini Wifi Action,79.0,4.2,160,action camera
Eagle I15 Promax Real,59.0,4.4,161,action camera
Dji Osmo Action 5,339.0,4.4,572,action camera
Gopro Hero13 (Hero 13),495.0,4.2,113,action camera
4K 30Fps Action Camera,41.0,4.1,254,action camera
Dragon Touch 4K Action,38.0,4.2,92,action camera
Akaso V50X Native 4K30Fps,87.0,4.5,228,action camera
Helmet Action Camera –,119.0,5.0,22,action camera
Mini Body Camera 64Gb,49.0,4.5,267,action camera
Andoer Mini Wifi Action,27.0,3.3,6,action camera
Dji Osmo Action 3,249.0,4.6,298,action camera
Insta360 X5 Essentials Bundle,659.0,4.6,582,action camera
Insta360 X3 Waterproof 360,269.0,4.4,83,action camera
Dji Osmo Action 5,339.0,4.4,572,action camera
Boblov B4K5 4K Body,169.0,4.1,175,action camera
Speed 10 Action Camera,49.0,4.2,270,action camera
4K 60Fps Waterproof Action,89.0,4.8,7,action camera
H8 64Gb 4K Thumb,65.0,3.7,13,action camera
Z10 4K Action Camera,72.0,3.9,124,action camera
Body Camera With Audio,49.0,4.3,457,action camera
4K Mini Action Camera,79.0,4.2,160,action camera
Mini Body Camera Action,59.0,5.0,13,action camera
Vosker V300 Ultimate 4G,249.0,2.6,190,action camera
Dji Osmo Action 5,449.0,4.6,377,action camera
Body Camera With Audio,49.0,4.3,457,action camera
Helmet Action Camera –,119.0,5.0,22,action camera
4K 30Fps Action Camera,41.0,4.1,254,action camera
Dji Osmo Action 5,339.0,4.4,572,action camera
Akaso Brave 4 Action,109.0,4.5,64,action camera
Speed 10 Action Camera,49.0,4.2,270,action camera
Mini Body Camera Action,59.0,5.0,13,action camera
Insta360 Go 3S,429.0,4.4,866,action camera
4K Mini Body Camera,71.0,4.3,27,action camera
Dji Osmo Action 3,249.0,4.6,298,action camera
Runcam Helmet Camera,89.0,3.5,15,action camera
Pro Xtreme 4K Action,49.0,3.5,212,action camera
64Gb 4K Hd Mini,65.0,3.6,34,action camera
4K Mini Action Camera,79.0,4.2,160,action camera
Tikom Robot Vacuum And,129.0,4.9,262,robot vacuum
Robot Vacuum And Mop,279.0,5.0,40,robot vacuum
Eufy E25 Omni Robot,899.0,4.5,31,robot vacuum
Mova P10 Pro Ultra,599.0,4.5,389,robot vacuum
Mova P10 Pro Ultra,599.0,4.5,389,robot vacuum
Roborock Q10 S5 Robot,279.0,4.2,567,robot vacuum
Roborock S8 Max Ultra,1299.0,4.1,223,robot vacuum
Roborock Qrevo Edge S5A,999.0,4.2,799,robot vacuum
Roborock Qrevo Curvx Robot,1499.0,4.4,135,robot vacuum
3I G10+ Robot Vacuum,399.0,4.0,2,robot vacuum
Robot Vacuum And Mop,279.0,5.0,40,robot vacuum
Robot Vacuum And Mop,129.0,4.8,45,robot vacuum
Shark Ur2360S Ultra Robot,112.0,4.1,262,robot vacuum
Shark Navigator Robot Vacuum,449.0,4.6,65,robot vacuum
Robot Vacuum And Mop,139.0,5.0,40,robot vacuum
Bubot 700 Pool Cleaner,479.0,4.6,134,robot vacuum
Eureka J15 Ultra Self,599.0,4.4,79,robot vacuum
Robot Vacuum And Mop,89.0,4.1,668,robot vacuum
Zcwa Robot Vacuum And,149.0,4.9,66,robot vacuum
Eureka J15 Ultra Self,599.0,4.4,79,robot vacuum
Airrobo Robot Vacuums With,98.0,4.9,41,robot vacuum
Robot Vacuum And Mop,489.0,5.0,1,robot vacuum
Greenworks Robotic Vacuum Grv,125.0,3.9,270,robot vacuum
Airrobo Robot Vacuums With,98.0,4.9,41,robot vacuum
Robot Vacuum And Mop,39.0,5.0,2,robot vacuum
Roborock Saros Z70 Robot,2599.0,4.7,102,robot vacuum
Robot Vacuum Cleaner With,119.0,4.1,179,robot vacuum
Robot Vacuum And Mop,139.0,4.6,60,robot vacuum
Ecovacs Deebot T50 Max,999.0,4.4,418,robot vacuum
Eureka J15 Ultra Self,599.0,4.4,79,robot vacuum
Airrobo Robot Vacuums With,98.0,4.9,41,robot vacuum
Zcwa Robot Vacuum And,149.0,4.9,66,robot vacuum
Eureka J15 Ultra Self,599.0,4.4,79,robot vacuum
Narwal Freo Z Ultra,1499.0,4.2,360,robot vacuum
Yeedi M12 Pro+ Robot,399.0,4.1,670,robot vacuum
Ecovacs Deebot T80 Omni,899.0,4.4,128,robot vacuum
Irobot Roomba J7+ (7550),199.0,3.6,453,robot vacuum
Robot Vacuum And Mop,139.0,4.4,69,robot vacuum
Roborock Saros 10R Robot,1599.0,4.4,183,robot vacuum
Irobot Roomba J9+ Self,581.0,3.6,942,robot vacuum
Robot Vacuum,99.0,4.5,154,robot vacuum
Proscenic 850T Robot Vacuum,159.0,3.1,56,robot vacuum
Roborock Saros 10R Robot,1599.0,4.4,183,robot vacuum
Eureka J15 Ultra Self,599.0,4.4,79,robot vacuum
Narwal Freo Z Ultra,1499.0,4.2,360,robot vacuum
Roborock Q10 S5 Robot,279.0,4.2,567,robot vacuum
Robot Vacuum Cleaner,129.0,4.8,29,robot vacuum
Bubot 300P Robotic Pool,159.0,4.4,536,robot vacuum
Tapo Ultra,199.0,4.1,824,robot vacuum
Airrobo Robot Vacuum And,129.0,4.3,177,robot vacuum
Robot Vacuum And Mop,39.0,5.0,2,robot vacuum
Irobot Roomba 105 Vac,179.0,3.5,103,robot vacuum
Eufy Robovac 25C Robot,99.0,4.2,282,robot vacuum
Robot Vacuum And Mop,175.0,4.0,53,robot vacuum
Tapo Lidar Smart Navigation,249.0,4.4,405,robot vacuum
(2025 Upgrade) Wybot C1,569.0,3.9,291,robot vacuum
Lefant M210 Pro Robot,99.0,4.2,221,robot vacuum
Netgear Nighthawk Dual,129.0,4.4,167,wifi router
Asus Rp,119.0,3.3,3,wifi router
Like,124.0,4.6,497,wifi router
Tp,97.0,4.4,389,wifi router
Netgear Rax36,49.0,4.3,5,wifi router
2025 New Wifi Extender,69.0,4.5,47,wifi router
Netgear Nighthawk Dual,129.0,4.4,167,wifi router
Introducing Amazon Eero Pro,299.0,4.3,167,wifi router
Netgear Nighthawk Dual,129.0,4.4,167,wifi router
Netgear Nighthawk Tri,249.0,4.0,59,wifi router
Gaming Router For Pc,74.0,3.6,134,wifi router
Netgear Nighthawk Dual,129.0,4.4,167,wifi router
Cudy Be6500 Wifi 7,99.0,4.1,42,wifi router
Netgear Nighthawk Dual,129.0,4.4,167,wifi router
4G Vpn Router,151.0,4.0,103,wifi router
4G Vpn Router,151.0,4.0,103,wifi router
Wifi Router Ac1200,37.0,4.1,40,wifi router
Netgear Nighthawk Dual,129.0,4.4,167,wifi router
Netgear Nighthawk Wifi 7,449.0,4.5,467,wifi router
Netgear Nighthawk Tri,249.0,4.0,59,wifi router
Dbit N300 Easy Setup,19.0,4.0,315,wifi router
Cudy Be6500 Wifi 7,99.0,4.1,42,wifi router
Gaming Router For Pc,74.0,3.6,134,wifi router
Introducing Amazon Eero Pro,299.0,4.3,167,wifi router
Netgear Nighthawk Tri,249.0,4.0,59,wifi router
Cudy Be6500 Wifi 7,99.0,4.1,42,wifi router
Wavlink Ac1200 Wifi Router,36.0,4.0,32,wifi router
Wifi Router Ac1200,37.0,4.1,40,wifi router
4G Vpn Router,151.0,4.0,103,wifi router
Wavlink Ax6000 Dual,139.0,4.6,40,wifi router
Netgear Ax1600 4,49.0,4.0,19,wifi router
D,33.0,4.1,195,wifi router
Ac1200 Wifi Router Dual,32.0,4.5,19,wifi router
Netgear Nighthawk Dual,129.0,4.4,167,wifi router
Wavlink Ac1200 Wifi Router,36.0,4.0,32,wifi router
Netgear Nighthawk 5,54.0,4.1,451,wifi router
Linksys Ac3000 Smart Mesh,49.0,4.2,432,wifi router
Asus Rt,329.0,3.8,108,wifi router
Gaming Router For Pc,74.0,3.6,134,wifi router
Netgear Nighthawk Dual,129.0,4.4,167,wifi router
D,33.0,4.1,195,wifi router
Ac1200 Wifi Router Dual,32.0,4.5,19,wifi router
Netgear Nighthawk Dual,129.0,4.4,167,wifi router
Netgear Nighthawk Tri,249.0,4.0,59,wifi router
Asus Ax3000 Wifi 6,79.0,4.3,503,wifi router
Linksys Mr20Ec | Dual,97.0,4.2,261,wifi router
Wifi Router Routers For,69.0,4.4,33,wifi router
Tp,246.0,4.7,62,wifi router
Wifi Extender,39.0,4.5,160,wifi router
Wifi Extender,39.0,4.5,160,wifi router
Wifi Router Ac1200,37.0,4.1,40,wifi router
4G Vpn Router,151.0,4.0,103,wifi router
Wavlink Ax6000 Dual,139.0,4.6,40,wifi router
Ubiquiti Dream Wi,379.0,4.5,396,wifi router
Asus Rt,219.0,3.1,174,wifi router
Reyee Whole Home Mesh,69.0,4.1,432,wifi router
Netgear Nighthawk Tri,249.0,4.0,59,wifi router
Wifi Extender,39.0,4.5,160,wifi router
Netgear Nighthawk Dual,129.0,4.4,167,wifi router
Netgear Nighthawk Wifi 7,279.0,4.1,34,wifi router
Linksys Wrt Gaming Wifi,299.0,4.2,310,wifi router
Netgear Nighthawk Dual,129.0,4.4,167,wifi router
Wavlink Ax6000 Dual,139.0,4.6,40,wifi router
Wavlink Ax6000 Dual,139.0,4.6,40,wifi router
Wifi Router Ac1200,37.0,4.1,40,wifi router
4G Vpn Router,151.0,4.0,103,wifi router
D,49.0,4.3,210,wifi router
Asus Rt,139.0,3.7,56,wifi router
Wifi Router For Wireless,19.0,3.2,50,wifi router
Davolink Minions Bob Wifi,68.0,4.3,125,wifi router
Netgear Nighthawk Tri,249.0,4.0,59,wifi router
N300 Wifi Router 2.4G,21.0,4.0,85,wifi router
Introducing Amazon Eero 7,279.0,4.4,286,wifi router
Netgear Nighthawk Modem Router,298.0,4.4,486,wifi router
Aircove | Wi,151.0,4.0,999,wifi router
D,33.0,4.1,195,wifi router
Ac2100 Wifi Router,58.0,3.8,21,wifi router
Gaming Router For Pc,74.0,3.6,134,wifi router
Microsoft Surface Pro 2,899.0,4.4,399,tablet
Microsoft Surface Pro 2,899.0,4.4,399,tablet
Samsung Galaxy Tab S10,644.0,4.6,77,tablet
Android 14 Tablet 2025,99.0,4.2,359,tablet
Microsoft Surface Pro 2,755.0,4.5,16,tablet
Android Tablet With Keyboard,89.0,4.2,237,tablet
Lenovo Tab M11,210.0,4.4,609,tablet
Android Tablet,79.0,4.5,644,tablet
Upgraded Android Tablet With,79.0,4.4,316,tablet
14 Inch Large Screen,269.0,4.9,347,tablet
Android Tablet With Keyboard,89.0,4.2,237,tablet
10 Inch Android 14,89.0,4.4,101,tablet
Microsoft Surface Pro 2,755.0,4.5,16,tablet
Microsoft Surface Pro 2,899.0,4.4,399,tablet
Samsung Galaxy Tab S10,644.0,4.6,77,tablet
Microsoft Surface Pro 2,1399.0,4.2,98,tablet
Samsung Galaxy Tab S10+,849.0,4.6,369,tablet
Azeyou Tablet 10.1 Inch,79.0,4.4,19,tablet
Tablet,149.0,4.5,24,tablet
10 Inch Android 14,89.0,4.4,101,tablet
Android 14 Tablet 2025,99.0,4.2,359,tablet
Android 14 Tablet 2025,99.0,4.2,359,tablet
Android 14 Tablet With,79.0,4.2,149,tablet
2025 Tablet,79.0,4.0,143,tablet
Android Tablet,85.0,4.4,208,tablet
Odea Tablet 11 Inch,99.0,4.7,4,tablet
Tablet 7Inch Android 14.0,37.0,3.6,31,tablet
Android 15 Tablet,35.0,3.8,472,tablet
Kids Tablet 7 Inch,36.0,4.0,390,tablet
Microsoft Surface Pro 2,899.0,4.4,399,tablet
Samsung Galaxy Tab S10,638.0,4.6,77,tablet
Android 14 Tablet 2025,99.0,4.2,359,tablet
Microsoft Surface Pro 2,1399.0,4.2,98,tablet
2025 Android 14 Tablet,129.0,4.4,315,tablet
Atozee Tablet 2 In,59.0,3.9,519,tablet
Android 15 Tablet 10,68.0,4.0,983,tablet
Android 14 Tablet 10,72.0,5.0,23,tablet
Samsung Galaxy Tab A9+,146.0,4.4,446,tablet
Lenovo Tab M11,210.0,4.4,609,tablet
Tablet,89.0,5.0,15,tablet
"11"" Tablet",85.0,4.7,104,tablet
Samsung Galaxy Tab S10,638.0,4.6,77,tablet
Android Tablet With Keyboard,89.0,4.2,237,tablet
2025 Tablet,79.0,4.0,143,tablet
Azeyou Tablet 10.1 Inch,79.0,4.4,19,tablet
Tablet,149.0,4.5,24,tablet
Samsung Galaxy Tab A9+,218.0,4.1,46,tablet
Samsung Galaxy Tab A9+,219.0,4.7,35,tablet
Android 14 Tablet 2025,99.0,4.2,359,tablet
Android 14 Tablet 2025,99.0,4.2,359,tablet
Android 14 Tablet With,79.0,4.2,149,tablet
Android Tablet,85.0,4.4,208,tablet
2025 Tablet,79.0,4.0,143,tablet
Odea Tablet 11 Inch,99.0,4.7,4,tablet
Samsung Galaxy Tab S9,499.0,4.2,27,tablet
Lenovo Tab P12,359.0,4.7,407,tablet
Lenovo Tab M11,195.0,4.4,609,tablet
Microsoft Surface Pro 2,899.0,4.4,399,tablet
Samsung Galaxy Tab S10,644.0,4.6,77,tablet
Microsoft Surface Pro 2,1399.0,4.2,98,tablet
Android 14 Tablet 2025,99.0,4.2,359,tablet
2025 Android 14 Tablet,129.0,4.4,315,tablet
Atozee Tablet 2 In,59.0,3.9,519,tablet
Android 15 Tablet 10,68.0,4.0,983,tablet
Samsung 2024 Galaxy Tab,219.0,4.4,29,tablet
Samsung Galaxy Tab A9,131.0,4.4,318,tablet
Android 14 Tablet,69.0,4.2,574,tablet
Samsung Galaxy Tab S10+,151.0,4.4,197,tablet
Samsung Galaxy Tab S10,644.0,4.6,77,tablet
Android Tablet With Keyboard,89.0,4.2,237,tablet
Samsung Galaxy Tab S10,638.0,4.6,77,tablet
Azeyou Tablet 10.1 Inch,79.0,4.4,19,tablet
Samsung Galaxy Tab S10,638.0,4.6,77,tablet
Microsoft Surface Pro 2,899.0,4.4,399,tablet
Microsoft Surface Pro 2,1399.0,4.2,98,tablet
Samsung Galaxy Tab S10+,849.0,4.6,369,tablet
Android Tablet With Keyboard,109.0,4.2,166,tablet
Samsung Galaxy Tab S9,299.0,4.6,13,tablet
Galaxy Tab A9 Plus,26.0,4.6,253,tablet
Lenovo Tab Plus,257.0,4.7,27,tablet
Samsung Galaxy Tab A9+,218.0,4.1,46,tablet
Android 14 Tablet 2025,99.0,4.2,359,tablet
Android 14 Tablet 2025,99.0,4.2,359,tablet
2025 Tablet,79.0,4.0,143,tablet
Android 14 Tablet With,79.0,4.2,149,tablet
Odea Tablet 11 Inch,99.0,4.7,4,tablet
Android Tablet,85.0,4.4,208,tablet
Atozee Tablet 2 In,59.0,3.9,519,tablet
Android 15 Tablet 10,68.0,4.0,983,tablet
Kids Tablet,39.0,3.9,954,tablet
Samsung Galaxy Tab S10+,151.0,4.4,197,tablet
2025 Kids Tablet,79.0,4.2,809,tablet
Samsung Galaxy Tab A9+,219.0,4.7,35,tablet
Tablet 10 Inch Android,44.0,3.5,26,tablet
Android Tablet,79.0,4.1,264,tablet
Microsoft Surface Pro 2,899.0,4.4,399,tablet
Android Tablet With Keyboard,109.0,4.2,166,tablet
2025 Tablet,79.0,4.0,143,tablet
Samsung Galaxy Tab S10,638.0,4.6,77,tablet
Azeyou Tablet 10.1 Inch,79.0,4.4,19,tablet
Samsung Galaxy Tab S10+,849.0,4.6,369,tablet
10 Inch Android Tablet,69.0,4.1,143,tablet
Samsung Galaxy Tab S10,638.0,4.6,77,tablet
Microsoft Surface Pro 2,899.0,4.4,399,tablet
Microsoft Surface Pro 2,1399.0,4.2,98,tablet
Samsung Galaxy Tab S10+,959.0,4.6,369,tablet
2025 Android 14 Tablet,129.0,4.4,315,tablet
Android 14 Tablet 10.1,99.0,4.8,47,tablet
Atozee Tablet 2 In,59.0,3.9,519,tablet
Android 15 Tablet 10,68.0,4.0,983,tablet
2025 Android 14 Tablet,106.0,4.4,315,tablet
Tablets 2025 14 Inch,299.0,4.0,385,tablet
Chuwi 2025 Hi10 X1,219.0,4.5,36,tablet
Android 14 Tablet,109.0,4.5,529,tablet
Apolosign Tablet With Octa,49.0,5.0,19,tablet
Kids Tablet,39.0,3.9,954,tablet
2025 Tablet 10 Inch,89.0,4.1,352,tablet
Android 14 Tablet,85.0,5.0,6,tablet
Odea Tablet 11 Inch,99.0,4.7,4,tablet
Blink Video Doorbell (Newest,69.0,4.1,337,video doorbell
Arlo Video Doorbell 2K,84.0,4.3,332,video doorbell
Ring Battery Doorbell With,69.0,4.8,695,video doorbell
Wireless Wi,28.0,4.0,883,video doorbell
Blink Video Doorbell (Newest,69.0,4.1,337,video doorbell
Video Intercom System,169.0,3.9,70,video doorbell
Video Doorbell Camera Wireless,19.0,4.4,34,video doorbell
Xtu Wireless Video Doorbell,69.0,4.5,349,video doorbell
Ecobee Home Security Bundle,274.0,4.2,706,video doorbell
Arlo Video Doorbell 2K,84.0,4.3,332,video doorbell
Video Intercom System,169.0,3.9,70,video doorbell
Tmezon Wireless Video Doorbell,199.0,4.2,30,video doorbell
Wired Doorbell Camera With,119.0,5.0,2,video doorbell
Wired Doorbell Camera With,119.0,5.0,2,video doorbell
5Mp Wireless Video Doorbell,99.0,4.5,852,video doorbell
Aosu Security Cameras Wireless,539.0,4.9,10,video doorbell
5Mp Wireless Video Doorbell,99.0,4.5,852,video doorbell
Doorbell Camera Wireless,99.0,4.3,82,video doorbell
Xtu Wireless Video Doorbell,69.0,4.5,349,video doorbell
Wyze Wireless Duo Cam,89.0,4.1,628,video doorbell
Wired Doorbell Camera With,119.0,5.0,2,video doorbell
1080P Wireless Video Doorbell,23.0,4.0,231,video doorbell
1080P Video Doorbell Camera,24.0,4.1,370,video doorbell
Video Doorbell Camera Wireless,29.0,4.3,332,video doorbell
Lorex 2K Wired Wifi,169.0,3.9,71,video doorbell
5Mp Wireless Video Doorbell,99.0,4.5,852,video doorbell
2K Wireless Video Doorbell,49.0,4.2,33,video doorbell
1080P Security Camera Wireless,12.0,4.0,165,video doorbell
Video Intercom System,169.0,3.9,70,video doorbell
1080P Video Doorbell Camera,24.0,4.1,370,video doorbell
1080P Wireless Video Doorbell,24.0,5.0,8,video doorbell
Wired Doorbell Camera With,119.0,5.0,2,video doorbell
Wired Doorbell Camera With,119.0,5.0,2,video doorbell
5Mp Wireless Video Doorbell,99.0,4.5,852,video doorbell
Xtu Wireless Video Doorbell,69.0,4.5,349,video doorbell
5Mp Wireless Video Doorbell,99.0,4.5,852,video doorbell
2K Wireless Video Doorbell,49.0,4.2,33,video doorbell
Wireless Wi,35.0,4.2,101,video doorbell
Tapo Tp,44.0,4.2,833,video doorbell
Eufy Security Video Doorbell,69.0,4.2,404,video doorbell
1080P Smart Video Doorbell,21.0,5.0,7,video doorbell
Smart Door Lock With,159.0,4.6,5,video doorbell
1080P Smart Wireless Video,19.0,4.2,178,video doorbell
5Mp Wireless Video Doorbell,99.0,4.5,852,video doorbell
Lorex 2K Wired Wifi,169.0,3.9,71,video doorbell
Vicohome Db3 2K Smart,39.0,4.5,48,video doorbell
Reolink Wireless 2K Battery,119.0,4.0,548,video doorbell
2K Wireless Video Doorbell,49.0,4.2,33,video doorbell
Wired Doorbell Camera With,119.0,5.0,2,video doorbell
5Mp Wireless Video Doorbell,99.0,4.5,852,video doorbell
Video Intercom System,169.0,3.9,70,video doorbell
Arlo Video Doorbell Hd,59.0,4.5,51,video doorbell
Wired Doorbell Camera With,119.0,5.0,2,video doorbell
Wired Doorbell Camera With,119.0,5.0,2,video doorbell
5Mp Wireless Video Doorbell,99.0,4.5,852,video doorbell
Xtu Wireless Video Doorbell,69.0,4.5,349,video doorbell
Doorbell Camera Wireless 2K,39.0,4.1,25,video doorbell
Smart Door Lock With,159.0,4.6,5,video doorbell
1080P Smart Wireless Video,19.0,4.2,178,video doorbell
Wired Video Intercom System,81.0,4.2,642,video doorbell
Smart 1080P Video Doorbell,24.0,4.0,397,video doorbell
Like,99.0,4.4,895,video doorbell
1080P Security Camera Wireless,12.0,4.0,165,video doorbell
Ecobee Smart Video Doorbell,144.0,4.2,706,video doorbell
Xtu Wireless Video Doorbell,69.0,4.5,349,video doorbell
5Mp Wireless Video Doorbell,99.0,4.5,852,video doorbell
Video Intercom System,169.0,3.9,70,video doorbell
Smart Door Lock With,159.0,4.6,5,video doorbell
Wired Doorbell Camera With,119.0,5.0,2,video doorbell
Wired Doorbell Camera With,119.0,5.0,2,video doorbell
5Mp Wireless Video Doorbell,99.0,4.5,852,video doorbell
Iegeek 2K Doorbell Camera,49.0,4.4,87,video doorbell
2K Dual Lens Video,84.0,4.1,51,video doorbell
5Mp Wireless Video Doorbell,99.0,4.5,852,video doorbell
Video Doorbell Wireless Doorbell,65.0,3.9,24,video doorbell
Eufy Video Doorbell Camera,79.0,4.2,23,video doorbell
Doorbell Camera Wireless,99.0,4.3,82,video doorbell
Arlo Essential Wire,44.0,4.1,142,video doorbell
1080P Smart Wireless Video,19.0,4.2,178,video doorbell
1080P Smart Wireless Video,21.0,4.1,108,video doorbell
Arlo Essential Whole Home,229.0,5.0,4,video doorbell
Like,112.0,4.2,61,video doorbell
Wireless Gaming Headset With,28.0,4.9,726,gaming headset
Wireless Gaming Headset With,28.0,4.9,726,gaming headset
Wireless Gaming Headset With,28.0,4.9,726,gaming headset
Wireless Gaming Headset With,28.0,4.9,726,gaming headset
Wantek Usb Headset With,39.0,4.3,790,gaming headset
2.4Ghz Wireless Gaming Headsets,33.0,4.7,735,gaming headset
Jbl Quantum 100M2,44.0,4.2,5,gaming headset
Wantek Usb Headset With,39.0,4.3,790,gaming headset
Razer Kraken V4 X,68.0,4.4,138,gaming headset
2.4Ghz Wireless Gaming Headsets,33.0,4.7,735,gaming headset
Steelseries Arctis Nova 3P,109.0,4.7,28,gaming headset
H08A Open Ear Wired,39.0,3.5,9,gaming headset
Jbl Quantum 100M2,44.0,4.2,5,gaming headset
Wantek Usb Headset With,39.0,4.3,790,gaming headset
Razer Kraken V4 X,68.0,4.4,138,gaming headset
Razer Blackshark V2 Hyperspeed,129.0,4.1,580,gaming headset
2.4Ghz Wireless Gaming Headsets,33.0,4.7,735,gaming headset
Wireless Gaming Headset For,28.0,4.3,899,gaming headset
Corsair Hs80 Max Wireless,189.0,4.1,513,gaming headset
H08A Open Ear Wired,39.0,3.5,9,gaming headset
Wisewing 2.4Ghz Wireless Gaming,22.0,4.4,82,gaming headset
Eksa Usb Gaming Headset,69.0,4.3,267,gaming headset
Jbl Quantum 100P,39.0,4.3,350,gaming headset
A88 Gaming Headset With,17.0,4.4,746,gaming headset
Wantek Usb Headset With,39.0,4.3,790,gaming headset
